Case reference,Source sheet,Template column,Issue
S62A/2022/5000001,Pre-application - DONE,Pre-application status,no match in Status and Decision checks file
S62A/2023/0020,Pre-application - DONE,Pre-application status,no match in Status and Decision checks file
S62A/2023/0024,Pre-application - DONE,Pre-application status,no match in Status and Decision checks file
Local approval obtained by applicant so will not be coming forward under S62A,Pre-application - DONE,Pre-application status,no match in Status and Decision checks file
S62A/2024/0035,Pre-application - DONE,Pre-application status,no match in Status and Decision checks file
S62A/2025/0095,Pre-application - DONE,Pre-application status,no match in Status and Decision checks file
Ref TBC,Pre-application - DONE,Pre-application status,no match in Status and Decision checks file
S62A/2025/0143,Application (Non Major),CIL liable,could not convert value: 'CIL Liabe'
S62A/2025/0140,Application (Non Major),CIL liable,could not convert value: 'CIL Liabe'
S62A/2025/0139,Application (Non Major),CIL liable,could not convert value: 'CIL Liabe'
S62A/2025/0137,Application (Non Major),CIL liable,could not convert value: 'CIL Liabe'
S62A/2025/0150,Application (Non Major),CIL liable,could not convert value: '??'
S62A/2026/0154,Pre-application - DONE,Pre-application status,status file row has no matching case on the spreadsheet
S62A/2026/0155,Pre-application - DONE,Pre-application status,status file row has no matching case on the spreadsheet
