CaseReference,CaseNodeId,DocumentID,DocumentReferenceNumber,WebsiteDateOverride,Publish,DocumentType,Comment
S62A/2014/0001,16780598,16772912,NULL,NULL,Published,NULL,NULL
S62A/2014/0001,16780598,16772913,NULL,NULL,Published,NULL,NULL
S62A/2014/0001,16780598,16772914,NULL,NULL,Published,NULL,NULL
S62A/2014/0001,16780598,16772915,NULL,NULL,Published,NULL,NULL
S62A/2014/0001,16780598,16772916,NULL,NULL,Published,NULL,NULL
S62A/2014/0001,16780598,16772917,NULL,NULL,Published,NULL,NULL
S62A/2014/0001,16780598,16772918,NULL,NULL,Published,NULL,NULL
S62A/2014/0001,16780598,16772919,NULL,NULL,Published,NULL,NULL
S62A/2014/0001,16780598,16772920,NULL,NULL,Published,NULL,NULL
S62A/2014/0001,16780598,16772921,NULL,NULL,Published,NULL,NULL
S62A/2014/0001,16780598,16772922,NULL,NULL,Published,NULL,NULL
S62A/2014/0001,16780598,16772924,NULL,NULL,Published,NULL,NULL
S62A/2014/0001,16780598,16772925,NULL,NULL,Published,NULL,NULL
S62A/2014/0001,16780598,16772926,NULL,NULL,Published,NULL,NULL
S62A/2014/0001,16780598,16772927,NULL,NULL,Published,NULL,NULL
S62A/2014/0001,16780598,16772928,NULL,NULL,Published,NULL,NULL
S62A/2014/0001,16780598,16772929,NULL,NULL,Published,NULL,NULL
S62A/2014/0001,16780598,16772930,NULL,NULL,Published,NULL,NULL
S62A/2014/0001,16780598,16772931,NULL,NULL,Published,NULL,NULL
S62A/2014/0001,16780598,16772932,NULL,NULL,Published,NULL,NULL
S62A/2014/0001,16780598,16772933,NULL,NULL,Published,NULL,NULL
S62A/2014/0001,16780598,16772934,NULL,NULL,Published,NULL,NULL
S62A/2014/0001,16780598,16772935,NULL,NULL,Published,NULL,NULL
S62A/2014/0001,16780598,16772936,NULL,NULL,Published,NULL,NULL
S62A/2014/0001,16780598,16772937,NULL,NULL,Published,NULL,NULL
S62A/2014/0001,16780598,16772938,NULL,NULL,Published,NULL,NULL
S62A/2014/0001,16780598,16772939,NULL,NULL,Published,NULL,NULL
S62A/2014/0001,16780598,16772941,NULL,NULL,Published,NULL,NULL
S62A/2014/0001,16780598,16772942,NULL,NULL,Published,NULL,NULL
S62A/2014/0001,16780598,16772943,NULL,NULL,Published,NULL,NULL
S62A/2014/0001,16780598,16780598,NULL,NULL,Not Published,NULL,NULL
S62A/2014/0001,16780598,16780600,NULL,NULL,Not Published,NULL,NULL
S62A/2014/0001,16780598,16780601,NULL,NULL,Not Published,NULL,NULL
S62A/2014/0001,16780598,16780602,NULL,NULL,Not Published,NULL,NULL
S62A/2014/0001,16780598,16780603,NULL,NULL,Not Published,NULL,NULL
S62A/2014/0001,16780598,16780604,NULL,NULL,Not Published,NULL,NULL
S62A/2014/0001,16780598,16780605,NULL,NULL,Not Published,NULL,NULL
S62A/2014/0001,16780598,16780606,NULL,NULL,Not Published,NULL,NULL
S62A/2014/0001,16780598,16780607,NULL,NULL,Not Published,NULL,NULL
S62A/2014/0001,16780598,16783542,NULL,NULL,Not Published,NULL,NULL
S62A/2014/0001,16780598,16783543,NULL,NULL,Not Published,NULL,NULL
S62A/2014/0001,16780598,16783544,NULL,NULL,Not Published,NULL,NULL
S62A/2014/0001,16780598,16783546,NULL,NULL,Not Published,NULL,NULL
S62A/2014/0001,16780598,16783547,NULL,NULL,Not Published,NULL,NULL
S62A/2014/0001,16780598,16823230,NULL,NULL,Published,NULL,NULL
S62A/2014/0001,16780598,16823231,NULL,NULL,Published,NULL,NULL
S62A/2014/0001,16780598,16823233,NULL,NULL,Published,NULL,NULL
S62A/2014/0001,16780598,16823234,NULL,NULL,Published,NULL,NULL
S62A/2014/0001,16780598,16823238,NULL,NULL,Published,NULL,NULL
S62A/2014/0001,16780598,16823239,NULL,NULL,Published,NULL,NULL
S62A/2014/0001,16780598,16823243,NULL,NULL,Published,NULL,NULL
S62A/2014/0001,16780598,16823244,NULL,NULL,Published,NULL,NULL
S62A/2014/0001,16780598,16823245,NULL,NULL,Published,NULL,NULL
S62A/2014/0001,16780598,16823246,NULL,NULL,Published,NULL,NULL
S62A/2014/0001,16780598,16823247,NULL,NULL,Published,NULL,NULL
S62A/2014/0001,16780598,16823249,NULL,NULL,Published,NULL,NULL
S62A/2014/0001,16780598,16823250,NULL,NULL,Published,NULL,NULL
S62A/2014/0001,16780598,16823251,NULL,NULL,Published,NULL,NULL
S62A/2014/0001,16780598,16823252,NULL,NULL,Published,NULL,NULL
S62A/2014/0001,16780598,16823253,NULL,NULL,Published,NULL,NULL
S62A/2014/0001,16780598,16823254,NULL,NULL,Published,NULL,NULL
S62A/2014/0001,16780598,16823255,NULL,NULL,Published,NULL,NULL
S62A/2014/0001,16780598,16823256,NULL,NULL,Published,NULL,NULL
S62A/2014/0001,16780598,16823257,NULL,NULL,Published,NULL,NULL
S62A/2014/0001,16780598,16823258,NULL,NULL,Published,NULL,NULL
S62A/2014/0001,16780598,16823259,NULL,NULL,Published,NULL,NULL
S62A/2014/0001,16780598,16823260,NULL,NULL,Published,NULL,NULL
S62A/2014/0001,16780598,16823261,NULL,NULL,Published,NULL,NULL
S62A/2014/0001,16780598,16823262,NULL,NULL,Published,NULL,NULL
S62A/2014/0001,16780598,16823263,NULL,NULL,Published,NULL,NULL
S62A/2014/0001,16780598,16823264,NULL,NULL,Published,NULL,NULL
S62A/2014/0001,16780598,16823265,NULL,00:00.0,Published,NULL,NULL
S62A/2014/0001,16780598,16823266,NULL,00:00.0,Published,NULL,NULL
S62A/2014/0001,16780598,16823267,NULL,NULL,Published,NULL,NULL
S62A/2014/0001,16780598,16823268,NULL,NULL,Published,NULL,NULL
S62A/2014/0001,16780598,16823269,NULL,NULL,Published,NULL,NULL
S62A/2014/0001,16780598,16823270,NULL,NULL,Published,NULL,NULL
S62A/2014/0001,16780598,16823271,NULL,NULL,Published,NULL,NULL
S62A/2014/0001,16780598,16823272,NULL,NULL,Published,NULL,NULL
S62A/2014/0001,16780598,16823273,NULL,NULL,Published,NULL,NULL
S62A/2014/0001,16780598,16823274,NULL,NULL,Published,NULL,NULL
S62A/2014/0001,16780598,16823275,NULL,NULL,Published,NULL,NULL
S62A/2014/0001,16780598,16823276,NULL,NULL,Published,NULL,NULL
S62A/2014/0001,16780598,16823277,NULL,NULL,Published,NULL,NULL
S62A/2014/0001,16780598,16823278,NULL,NULL,Published,NULL,NULL
S62A/2014/0001,16780598,16823280,NULL,NULL,Published,NULL,NULL
S62A/2014/0001,16780598,16823281,NULL,NULL,Published,NULL,NULL
S62A/2014/0001,16780598,16823282,NULL,NULL,Published,NULL,NULL
S62A/2014/0001,16780598,16823283,NULL,NULL,Published,NULL,NULL
S62A/2014/0001,16780598,16823284,NULL,NULL,Published,NULL,NULL
S62A/2014/0001,16780598,16823286,NULL,NULL,Published,NULL,NULL
S62A/2014/0001,16780598,16823332,NULL,NULL,Published,NULL,NULL
S62A/2014/0001,16780598,16823333,NULL,NULL,Published,NULL,NULL
S62A/2014/0001,16780598,16823334,NULL,NULL,Published,NULL,NULL
S62A/2014/0001,16780598,16823335,NULL,NULL,Published,NULL,NULL
S62A/2014/0001,16780598,16823336,NULL,NULL,Published,NULL,NULL
S62A/2014/0001,16780598,16823337,NULL,NULL,Published,NULL,NULL
S62A/2014/0001,16780598,16823338,NULL,NULL,Published,NULL,NULL
S62A/2014/0001,16780598,16823339,NULL,NULL,Published,NULL,NULL
S62A/2014/0001,16780598,16823343,NULL,NULL,Published,NULL,NULL
S62A/2014/0001,16780598,16823582,NULL,NULL,Published,NULL,NULL
S62A/2014/0001,16780598,16823583,NULL,NULL,Published,NULL,NULL
S62A/2014/0001,16780598,16823584,NULL,NULL,Ready,NULL,NULL
S62A/2014/0001,16780598,16823585,NULL,NULL,Published,NULL,NULL
S62A/2014/0001,16780598,16823586,NULL,NULL,Published,NULL,NULL
S62A/2014/0001,16780598,16823587,NULL,NULL,Published,NULL,NULL
S62A/2014/0001,16780598,16823588,NULL,NULL,Published,NULL,NULL
S62A/2014/0001,16780598,16823589,NULL,NULL,Published,NULL,NULL
S62A/2014/0001,16780598,16823590,NULL,NULL,Published,NULL,NULL
S62A/2014/0001,16780598,16823591,NULL,NULL,Published,NULL,NULL
S62A/2014/0001,16780598,16823592,NULL,NULL,Published,NULL,NULL
S62A/2014/0001,16780598,16823593,NULL,NULL,Published,NULL,NULL
S62A/2014/0001,16780598,16823594,NULL,NULL,Published,NULL,NULL
S62A/2014/0001,16780598,16823596,NULL,NULL,Published,NULL,NULL
S62A/2014/0001,16780598,16823597,NULL,NULL,Published,NULL,NULL
S62A/2014/0001,16780598,16823598,NULL,NULL,Published,NULL,NULL
S62A/2014/0001,16780598,16823599,NULL,NULL,Published,NULL,NULL
S62A/2014/0001,16780598,16823600,NULL,NULL,Published,NULL,NULL
S62A/2014/0001,16780598,16823601,NULL,NULL,Published,NULL,NULL
S62A/2014/0001,16780598,16823602,NULL,NULL,Published,NULL,NULL
S62A/2014/0001,16780598,16823603,NULL,NULL,Published,NULL,NULL
S62A/2014/0001,16780598,16823604,NULL,NULL,Published,NULL,NULL
S62A/2014/0001,16780598,16823605,NULL,NULL,Published,NULL,NULL
S62A/2014/0001,16780598,16823606,NULL,NULL,Published,NULL,NULL
S62A/2014/0001,16780598,16823607,NULL,NULL,Published,NULL,NULL
S62A/2014/0001,16780598,16823608,NULL,NULL,Published,NULL,NULL
S62A/2014/0001,16780598,16823609,NULL,NULL,Published,NULL,NULL
S62A/2014/0001,16780598,16823610,NULL,NULL,Published,NULL,NULL
S62A/2014/0001,16780598,16823611,NULL,NULL,Published,NULL,NULL
S62A/2014/0001,16780598,16823612,NULL,NULL,Published,NULL,NULL
S62A/2014/0001,16780598,16823613,NULL,NULL,Published,NULL,NULL
S62A/2014/0001,16780598,16823614,NULL,NULL,Published,NULL,NULL
S62A/2014/0001,16780598,16823615,NULL,NULL,Published,NULL,NULL
S62A/2014/0001,16780598,16823616,NULL,NULL,Published,NULL,NULL
S62A/2014/0001,16780598,16823617,NULL,NULL,Published,NULL,NULL
S62A/2014/0001,16780598,16823618,NULL,NULL,Published,NULL,NULL
S62A/2014/0001,16780598,16823619,NULL,NULL,Published,NULL,NULL
S62A/2014/0001,16780598,16823620,NULL,NULL,Published,NULL,NULL
S62A/2014/0001,16780598,16823621,NULL,NULL,Published,NULL,NULL
S62A/2014/0001,16780598,16823622,NULL,NULL,Published,NULL,NULL
S62A/2014/0001,16780598,16823623,NULL,NULL,Published,NULL,NULL
S62A/2014/0001,16780598,16823624,NULL,NULL,Published,NULL,NULL
S62A/2014/0001,16780598,16823625,NULL,NULL,Published,NULL,NULL
S62A/2014/0001,16780598,16823626,NULL,NULL,Published,NULL,NULL
S62A/2014/0001,16780598,16823627,NULL,NULL,Published,NULL,NULL
S62A/2014/0001,16780598,16823628,NULL,NULL,Published,NULL,NULL
S62A/2014/0001,16780598,16823629,NULL,NULL,Published,NULL,NULL
S62A/2014/0001,16780598,16823630,NULL,NULL,Published,NULL,NULL
S62A/2014/0001,16780598,16823631,NULL,NULL,Published,NULL,NULL
S62A/2014/0001,16780598,16823632,NULL,NULL,Published,NULL,NULL
S62A/2014/0001,16780598,16823633,NULL,NULL,Published,NULL,NULL
S62A/2014/0001,16780598,16823634,NULL,NULL,Published,NULL,NULL
S62A/2014/0001,16780598,16823635,NULL,NULL,Published,NULL,NULL
S62A/2014/0001,16780598,16823636,NULL,NULL,Published,NULL,NULL
S62A/2014/0001,16780598,16823637,NULL,NULL,Published,NULL,NULL
S62A/2014/0001,16780598,16823638,NULL,NULL,Published,NULL,NULL
S62A/2014/0001,16780598,16823639,NULL,NULL,Published,NULL,NULL
S62A/2014/0001,16780598,16823640,NULL,NULL,Published,NULL,NULL
S62A/2014/0001,16780598,16823641,NULL,NULL,Published,NULL,NULL
S62A/2014/0001,16780598,16823642,NULL,NULL,Published,NULL,NULL
S62A/2014/0001,16780598,16823643,NULL,NULL,Published,NULL,NULL
S62A/2014/0001,16780598,16823644,NULL,NULL,Published,NULL,NULL
S62A/2014/0001,16780598,16823645,NULL,NULL,Published,NULL,NULL
S62A/2014/0001,16780598,16823646,NULL,NULL,Published,NULL,NULL
S62A/2014/0001,16780598,16823647,NULL,NULL,Published,NULL,NULL
S62A/2014/0001,16780598,16823648,NULL,NULL,Published,NULL,NULL
S62A/2014/0001,16780598,16823649,NULL,NULL,Published,NULL,NULL
S62A/2014/0001,16780598,16823650,NULL,NULL,Published,NULL,NULL
S62A/2014/0001,16780598,16823651,NULL,NULL,Published,NULL,NULL
S62A/2014/0001,16780598,16823652,NULL,NULL,Published,NULL,NULL
S62A/2014/0001,16780598,16823653,NULL,NULL,Published,NULL,NULL
S62A/2014/0001,16780598,16823654,NULL,NULL,Published,NULL,NULL
S62A/2014/0001,16780598,16823655,NULL,NULL,Published,NULL,NULL
S62A/2014/0001,16780598,16823656,NULL,NULL,Published,NULL,NULL
S62A/2014/0001,16780598,16823657,NULL,NULL,Published,NULL,NULL
S62A/2014/0001,16780598,16823658,NULL,NULL,Published,NULL,NULL
S62A/2014/0001,16780598,16823659,NULL,NULL,Published,NULL,NULL
S62A/2014/0001,16780598,16823660,NULL,NULL,Published,NULL,NULL
S62A/2014/0001,16780598,16823661,NULL,NULL,Published,NULL,NULL
S62A/2014/0001,16780598,16823662,NULL,NULL,Published,NULL,NULL
S62A/2014/0001,16780598,16823663,NULL,NULL,Published,NULL,NULL
S62A/2014/0001,16780598,16823664,NULL,NULL,Published,NULL,NULL
S62A/2014/0001,16780598,16823665,NULL,NULL,Published,NULL,NULL
S62A/2014/0001,16780598,16823666,NULL,NULL,Published,NULL,NULL
S62A/2014/0001,16780598,16823667,NULL,NULL,Published,NULL,NULL
S62A/2014/0001,16780598,16823668,NULL,NULL,Published,NULL,NULL
S62A/2014/0001,16780598,16823669,NULL,NULL,Published,NULL,NULL
S62A/2014/0001,16780598,16823670,NULL,NULL,Published,NULL,NULL
S62A/2014/0001,16780598,16823671,NULL,NULL,Published,NULL,NULL
S62A/2014/0001,16780598,16823672,NULL,NULL,Published,NULL,NULL
S62A/2014/0001,16780598,16823673,NULL,NULL,Published,NULL,NULL
S62A/2014/0001,16780598,16823674,NULL,NULL,Published,NULL,NULL
S62A/2014/0001,16780598,16823675,NULL,NULL,Published,NULL,NULL
S62A/2014/0001,16780598,16823676,NULL,NULL,Published,NULL,NULL
S62A/2014/0001,16780598,16823677,NULL,NULL,Published,NULL,NULL
S62A/2014/0001,16780598,16823678,NULL,NULL,Published,NULL,NULL
S62A/2014/0001,16780598,16823679,NULL,NULL,Published,NULL,NULL
S62A/2014/0001,16780598,16823680,NULL,NULL,Published,NULL,NULL
S62A/2014/0001,16780598,16823681,NULL,NULL,Published,NULL,NULL
S62A/2014/0001,16780598,16823682,NULL,NULL,Published,NULL,NULL
S62A/2014/0001,16780598,16823683,NULL,NULL,Published,NULL,NULL
S62A/2014/0001,16780598,16823684,NULL,NULL,Published,NULL,NULL
S62A/2014/0001,16780598,16823685,NULL,NULL,Published,NULL,NULL
S62A/2014/0001,16780598,16823686,NULL,NULL,Published,NULL,NULL
S62A/2014/0001,16780598,16823687,NULL,NULL,Published,NULL,NULL
S62A/2014/0001,16780598,16823688,NULL,NULL,Published,NULL,NULL
S62A/2014/0001,16780598,16823689,NULL,NULL,Published,NULL,NULL
S62A/2014/0001,16780598,16823690,NULL,NULL,Published,NULL,NULL
S62A/2014/0001,16780598,16823691,NULL,NULL,Published,NULL,NULL
S62A/2014/0001,16780598,16823692,NULL,NULL,Published,NULL,NULL
S62A/2014/0001,16780598,16823693,NULL,NULL,Published,NULL,NULL
S62A/2014/0001,16780598,16823694,NULL,NULL,Published,NULL,NULL
S62A/2014/0001,16780598,16823695,NULL,NULL,Published,NULL,NULL
S62A/2014/0001,16780598,16823696,NULL,NULL,Published,NULL,NULL
S62A/2014/0001,16780598,16823697,NULL,NULL,Published,NULL,NULL
S62A/2014/0001,16780598,16823698,NULL,NULL,Published,NULL,NULL
S62A/2014/0001,16780598,16823699,NULL,NULL,Published,NULL,NULL
S62A/2014/0001,16780598,16823700,NULL,NULL,Published,NULL,NULL
S62A/2014/0001,16780598,16823701,NULL,NULL,Published,NULL,NULL
S62A/2014/0001,16780598,16823702,NULL,NULL,Published,NULL,NULL
S62A/2014/0001,16780598,16823703,NULL,NULL,Published,NULL,NULL
S62A/2014/0001,16780598,16823704,NULL,NULL,Published,NULL,NULL
S62A/2014/0001,16780598,16823705,NULL,NULL,Published,NULL,NULL
S62A/2014/0001,16780598,16823706,NULL,NULL,Published,NULL,NULL
S62A/2014/0001,16780598,16823707,NULL,NULL,Published,NULL,NULL
S62A/2014/0001,16780598,16823708,NULL,NULL,Published,NULL,NULL
S62A/2014/0001,16780598,16823709,NULL,NULL,Published,NULL,NULL
S62A/2014/0001,16780598,16823710,NULL,NULL,Published,NULL,NULL
S62A/2014/0001,16780598,16823711,NULL,NULL,Published,NULL,NULL
S62A/2014/0001,16780598,16823712,NULL,NULL,Published,NULL,NULL
S62A/2014/0001,16780598,16823713,NULL,NULL,Published,NULL,NULL
S62A/2014/0001,16780598,16823714,NULL,NULL,Published,NULL,NULL
S62A/2014/0001,16780598,16823715,NULL,NULL,Published,NULL,NULL
S62A/2014/0001,16780598,16823716,NULL,NULL,Published,NULL,NULL
S62A/2014/0001,16780598,16823717,NULL,NULL,Published,NULL,NULL
S62A/2014/0001,16780598,16823718,NULL,NULL,Published,NULL,NULL
S62A/2014/0001,16780598,16823719,NULL,NULL,Published,NULL,NULL
S62A/2014/0001,16780598,16823720,NULL,NULL,Published,NULL,NULL
S62A/2014/0001,16780598,16823721,NULL,NULL,Published,NULL,NULL
S62A/2014/0001,16780598,16823722,NULL,NULL,Published,NULL,NULL
S62A/2014/0001,16780598,16823723,NULL,NULL,Published,NULL,NULL
S62A/2014/0001,16780598,16823724,NULL,NULL,Published,NULL,NULL
S62A/2014/0001,16780598,16823725,NULL,NULL,Published,NULL,NULL
S62A/2014/0001,16780598,16823726,NULL,NULL,Published,NULL,NULL
S62A/2014/0001,16780598,16823727,NULL,NULL,Published,NULL,NULL
S62A/2014/0001,16780598,16823728,NULL,NULL,Published,NULL,NULL
S62A/2014/0001,16780598,16823729,NULL,NULL,Published,NULL,NULL
S62A/2014/0001,16780598,16823730,NULL,NULL,Published,NULL,NULL
S62A/2014/0001,16780598,16823731,NULL,NULL,Published,NULL,NULL
S62A/2014/0001,16780598,16823732,NULL,NULL,Published,NULL,NULL
S62A/2014/0001,16780598,16823733,NULL,NULL,Published,NULL,NULL
S62A/2014/0001,16780598,16823734,NULL,NULL,Published,NULL,NULL
S62A/2014/0001,16780598,16823735,NULL,NULL,Published,NULL,NULL
S62A/2014/0001,16780598,16823938,NULL,NULL,Published,NULL,NULL
S62A/2014/0001,16780598,16823939,NULL,NULL,Published,NULL,NULL
S62A/2014/0001,16780598,16823940,NULL,NULL,Published,NULL,NULL
S62A/2014/0001,16780598,16823941,NULL,NULL,Published,NULL,NULL
S62A/2014/0001,16780598,16823942,NULL,NULL,Published,NULL,NULL
S62A/2014/0001,16780598,16823943,NULL,NULL,Published,NULL,NULL
S62A/2014/0001,16780598,16823944,NULL,NULL,Published,NULL,NULL
S62A/2014/0001,16780598,16823945,NULL,NULL,Published,NULL,NULL
S62A/2014/0001,16780598,16823946,NULL,NULL,Published,NULL,NULL
S62A/2014/0001,16780598,16823947,NULL,NULL,Published,NULL,NULL
S62A/2014/0001,16780598,16823948,NULL,NULL,Published,NULL,NULL
S62A/2014/0001,16780598,16823949,NULL,NULL,Published,NULL,NULL
S62A/2014/0001,16780598,16823950,NULL,NULL,Published,NULL,NULL
S62A/2014/0001,16780598,16823951,NULL,NULL,Published,NULL,NULL
S62A/2014/0001,16780598,16823952,NULL,NULL,Published,NULL,NULL
S62A/2014/0001,16780598,16823953,NULL,NULL,Published,NULL,NULL
S62A/2014/0001,16780598,16823954,NULL,NULL,Published,NULL,NULL
S62A/2014/0001,16780598,16823955,NULL,NULL,Published,NULL,NULL
S62A/2014/0001,16780598,16823956,NULL,NULL,Published,NULL,NULL
S62A/2014/0001,16780598,16823957,NULL,NULL,Published,NULL,NULL
S62A/2014/0001,16780598,16823958,NULL,NULL,Published,NULL,NULL
S62A/2014/0001,16780598,16823959,NULL,NULL,Published,NULL,NULL
S62A/2014/0001,16780598,16823960,NULL,NULL,Published,NULL,NULL
S62A/2014/0001,16780598,16823961,NULL,NULL,Ready,NULL,NULL
S62A/2014/0001,16780598,16823962,NULL,NULL,Ready,NULL,NULL
S62A/2014/0001,16780598,16823963,NULL,NULL,Ready,NULL,NULL
S62A/2014/0001,16780598,16872461,NULL,NULL,Published,NULL,NULL
S62A/2014/0001,16780598,16872506,NULL,NULL,Published,NULL,NULL
S62A/2014/0001,16780598,16872668,NULL,NULL,Published,NULL,NULL
S62A/2014/0001,16780598,16872721,NULL,NULL,Published,NULL,NULL
S62A/2014/0001,16780598,16872783,NULL,NULL,Published,NULL,NULL
S62A/2014/0001,16780598,16872786,NULL,NULL,Published,NULL,NULL
S62A/2014/0001,16780598,16872795,NULL,NULL,Published,NULL,NULL
S62A/2014/0001,16780598,16872807,NULL,NULL,Published,NULL,NULL
S62A/2014/0001,16780598,16872841,NULL,NULL,Published,NULL,NULL
S62A/2014/0001,16780598,16872845,NULL,NULL,Published,NULL,NULL
S62A/2014/0001,16780598,16872989,NULL,NULL,Published,NULL,NULL
S62A/2014/0001,16780598,16873022,NULL,NULL,Published,NULL,NULL
S62A/2014/0001,16780598,16873061,NULL,NULL,Published,NULL,NULL
S62A/2014/0001,16780598,16873104,NULL,NULL,Published,NULL,NULL
S62A/2014/0001,16780598,16873227,NULL,NULL,Published,NULL,NULL
S62A/2014/0001,16780598,16873276,NULL,NULL,Published,NULL,NULL
S62A/2014/0001,16780598,16873348,NULL,NULL,Published,NULL,NULL
S62A/2014/0001,16780598,16873437,NULL,NULL,Published,NULL,NULL
S62A/2014/0001,16780598,16873747,NULL,NULL,Published,NULL,NULL
S62A/2014/0001,16780598,16876391,NULL,NULL,Published,NULL,NULL
S62A/2014/0001,16780598,16876686,NULL,NULL,Published,NULL,NULL
S62A/2014/0001,16780598,16876726,NULL,NULL,Published,NULL,NULL
S62A/2014/0001,16780598,16876814,NULL,NULL,Published,NULL,NULL
S62A/2014/0001,16780598,16876918,NULL,NULL,Published,NULL,NULL
S62A/2014/0001,16780598,16877610,NULL,NULL,Published,NULL,NULL
S62A/2014/0001,16780598,16877716,NULL,NULL,Published,NULL,NULL
S62A/2014/0001,16780598,16877810,NULL,NULL,Published,NULL,NULL
S62A/2014/0001,16780598,16877930,NULL,NULL,Published,NULL,NULL
S62A/2014/0001,16780598,16878215,NULL,NULL,Published,NULL,NULL
S62A/2014/0001,16780598,16878216,NULL,NULL,Published,NULL,NULL
S62A/2014/0001,16780598,16878224,NULL,NULL,Published,NULL,NULL
S62A/2014/0001,16780598,16878233,NULL,NULL,Published,NULL,NULL
S62A/2014/0001,16780598,16878323,NULL,NULL,Published,NULL,NULL
S62A/2014/0001,16780598,16878331,NULL,NULL,Published,NULL,NULL
S62A/2014/0001,16780598,16878338,NULL,NULL,Published,NULL,NULL
S62A/2014/0001,16780598,16878529,NULL,NULL,Published,NULL,NULL
S62A/2015/0002,16784769,16784769,NULL,NULL,Not Published,NULL,NULL
S62A/2015/0002,16784769,16784771,NULL,NULL,Not Published,NULL,NULL
S62A/2015/0002,16784769,16784772,NULL,NULL,Not Published,NULL,NULL
S62A/2015/0002,16784769,16784773,NULL,NULL,Not Published,NULL,NULL
S62A/2015/0002,16784769,16784774,NULL,NULL,Not Published,NULL,NULL
S62A/2015/0002,16784769,16784775,NULL,NULL,Not Published,NULL,NULL
S62A/2015/0002,16784769,16784776,NULL,NULL,Not Published,NULL,NULL
S62A/2015/0002,16784769,16784777,NULL,NULL,Not Published,NULL,NULL
S62A/2015/0002,16784769,16784778,NULL,NULL,Not Published,NULL,NULL
S62A/2015/0002,16784769,16784779,NULL,NULL,Not Published,NULL,NULL
S62A/2015/0002,16784769,16784780,NULL,NULL,Not Published,NULL,NULL
S62A/2015/0002,16784769,16784781,NULL,NULL,Not Published,NULL,NULL
S62A/2015/0002,16784769,16784782,NULL,NULL,Not Published,NULL,NULL
S62A/2015/0002,16784769,16784783,NULL,NULL,Not Published,NULL,NULL
S62A/2015/0002,16784769,16784784,NULL,NULL,Not Published,NULL,NULL