CaseUniqueId,CaseNodeId,CaseReference,DateReceived,DateValid,DateInfoSentToLPA,DateInfoReturnedFromLPA,DateNeighboursNotified,NewspaperAdvertDate,SiteNoticeDate,PublicityForApplicationsDate,ConsultationsWithRelevantAuthoritiesDate,RepresentationPeriodClose,HearingDate,MineralNotificationDate,RepresentationsPublishedDate,TargetDecisionDate,PPATargetDecisionDate,EoTTargetDate,DecisionDate,RepresentationPeriodOpen,DecisionType,Article21Trigger
3153419,16780598,S62A/2014/0001,23/04/2014,23/04/2014,23/04/2014,30/04/2014,25/04/2014,02/05/2014,25/04/2014,23/04/2014,24/04/2014,16/05/2014,17/06/2014,NULL,16/05/2014,24/07/2014,NULL,07/08/2014,22/07/2014,NULL,Refused,NULL
3153433,16784769,S62A/2015/0002,01/07/2015,NULL,NULL,NULL,NULL,NULL,NULL,NULL,NULL,NULL,NULL,NULL,NULL,NULL,NULL,NULL,NULL,NULL,NULL,NULL
3217499,30019296,S62A/2018/0001,NULL,NULL,NULL,NULL,NULL,NULL,21/11/2018,NULL,NULL,NULL,NULL,NULL,NULL,NULL,NULL,NULL,NULL,NULL,NULL,NULL
3299621,47666450,S62A/2022/0002,11/04/2022,21/04/2022,12/04/2022,19/04/2022,28/04/2022,05/05/2022,28/04/2022,25/04/2022,27/04/2022,25/05/2022,25/08/2022,NULL,NULL,13/10/2022,NULL,13/10/2022,11/10/2022,NULL,Approved With Conditions,20/10/2022
3299677,47687098,S62A/2022/0004,23/05/2022,01/06/2022,24/05/2022,31/05/2022,07/06/2022,16/06/2022,08/06/2022,07/06/2022,07/06/2022,07/07/2022,09/08/2022,NULL,08/07/2022,31/08/2022,NULL,NULL,24/08/2022,NULL,Approved With Conditions,30/11/2022
3302145,48186011,S62A/2022/0005,05/07/2022,01/11/2022,08/11/2022,15/11/2022,08/11/2022,17/11/2022,09/11/2022,NULL,08/11/2022,06/12/2022,NULL,NULL,06/12/2022,01/02/2023,NULL,30/06/2023,27/06/2023,NULL,Refused,NULL
3302195,48191557,S62A/2022/0006,07/07/2022,15/11/2023,28/11/2023,NULL,NULL,07/12/2023,NULL,NULL,28/11/2023,08/01/2024,26/03/2024,NULL,NULL,NULL,NULL,NULL,18/07/2024,NULL,Approved,NULL
3304231,48602178,S62A/2022/0007,29/07/2022,17/08/2022,02/08/2022,08/08/2022,26/08/2022,08/09/2022,26/08/2022,24/08/2022,25/08/2022,23/09/2022,10/05/2023,NULL,23/09/2022,16/11/2022,NULL,16/06/2023,14/06/2023,NULL,Approved With Conditions,NULL
3304712,48694926,S62A/2022/0008,02/08/2022,NULL,NULL,NULL,NULL,NULL,NULL,NULL,NULL,NULL,NULL,NULL,NULL,NULL,NULL,NULL,NULL,NULL,NULL,NULL
3306318,49053582,S62A/2022/0010,02/09/2022,02/09/2022,NULL,NULL,NULL,NULL,NULL,NULL,NULL,NULL,NULL,NULL,NULL,NULL,NULL,NULL,NULL,NULL,NULL,NULL
3307113,49206759,S62A/2022/0011,15/09/2022,20/10/2022,10/02/2023,16/02/2023,14/02/2023,16/02/2023,15/02/2023,16/02/2023,10/02/2023,20/03/2023,NULL,NULL,20/03/2023,01/06/2023,NULL,NULL,11/05/2023,NULL,Refused,NULL
3308111,49419637,S62A/2022/0012,30/09/2022,14/10/2022,06/10/2022,24/10/2022,21/10/2022,27/10/2022,21/10/2022,18/10/2022,19/10/2022,17/11/2022,12/12/2022,NULL,17/11/2022,13/01/2023,NULL,NULL,11/04/2023,NULL,Approved With Conditions,NULL
3308658,49521922,S62A/2022/0013,06/10/2022,06/10/2023,NULL,NULL,NULL,NULL,NULL,NULL,NULL,NULL,NULL,NULL,NULL,NULL,NULL,NULL,NULL,NULL,NULL,NULL
3312130,50231527,S62A/2022/0014,25/11/2022,07/12/2022,30/11/2022,12/12/2022,12/12/2022,22/12/2022,12/12/2022,07/12/2022,08/12/2022,17/01/2023,28/04/2023,NULL,17/01/2023,08/03/2023,NULL,30/05/2023,30/05/2023,NULL,Approved With Conditions,NULL
3315672,51013116,S62A/2023/0015,27/01/2023,14/02/2023,31/01/2023,17/02/2023,17/02/2023,23/02/2023,16/02/2023,16/02/2023,16/02/2023,16/03/2023,NULL,NULL,20/03/2023,16/05/2023,NULL,NULL,11/05/2023,NULL,Refused,10/08/2023
3319907,51916497,S62A/2023/0016,04/04/2023,24/04/2023,06/04/2023,27/04/2023,27/04/2023,11/05/2023,27/04/2023,24/04/2023,24/04/2023,09/06/2023,25/07/2023,NULL,NULL,24/07/2023,NULL,15/08/2023,09/08/2023,NULL,Refused,NULL
3319999,51937925,S62A/2023/0017,05/04/2023,18/04/2023,13/04/2023,25/04/2023,25/04/2023,11/05/2023,25/04/2023,21/04/2023,24/04/2023,09/06/2023,13/07/2023,NULL,12/06/2023,18/07/2023,NULL,01/08/2023,27/07/2023,NULL,Refused,NULL
3320120,51968439,S62A/2023/0018,06/04/2023,21/04/2023,14/04/2023,18/04/2023,28/04/2023,11/05/2023,28/04/2023,27/04/2023,27/04/2023,09/06/2023,NULL,NULL,NULL,21/07/2023,NULL,NULL,08/09/2023,NULL,Refused,NULL
3324434,52887835,S62A/2023/0019,20/06/2023,02/08/2023,22/06/2023,NULL,02/12/2024,12/12/2024,NULL,NULL,NULL,10/01/2025,NULL,NULL,NULL,NULL,NULL,NULL,21/02/2025,NULL,Approved With Conditions,NULL
3325259,53087260,S62A/2023/0020,03/07/2023,NULL,NULL,NULL,NULL,NULL,NULL,NULL,NULL,NULL,NULL,NULL,NULL,NULL,NULL,NULL,NULL,NULL,NULL,NULL
3326157,53280239,S62A/2023/0021,18/07/2023,11/08/2023,NULL,NULL,16/08/2023,24/08/2023,16/08/2023,24/08/2023,NULL,15/09/2023,23/11/2023,NULL,NULL,10/11/2023,NULL,31/03/2024,27/03/2024,NULL,Approved With Conditions,NULL
3326935,53448038,S62A/2023/0022,28/07/2023,07/08/2023,01/08/2023,NULL,09/08/2023,17/08/2023,NULL,NULL,08/08/2023,22/09/2023,17/10/2023,NULL,NULL,06/11/2023,NULL,NULL,31/10/2023,NULL,Approved With Conditions,NULL
3328288,53737478,S62A/2023/0023,22/08/2023,13/10/2023,03/10/2023,NULL,NULL,NULL,NULL,17/10/2023,NULL,24/11/2023,20/02/2024,NULL,NULL,12/01/2024,NULL,19/03/2024,04/03/2024,NULL,Refused,12/04/2024
3329554,54018500,S62A/2023/0024,13/09/2023,NULL,NULL,NULL,NULL,NULL,NULL,NULL,NULL,NULL,NULL,NULL,NULL,NULL,NULL,NULL,NULL,NULL,NULL,NULL
3331210,54383533,S62A/2023/0025,12/10/2023,07/11/2023,NULL,NULL,NULL,NULL,NULL,NULL,NULL,15/12/2023,01/02/2024,NULL,NULL,07/02/2023,NULL,01/03/2024,29/02/2024,NULL,Refused,NULL
3331286,54403436,S62A/2023/0026,13/10/2023,28/11/2023,NULL,NULL,NULL,14/12/2023,01/12/2023,NULL,30/11/2023,08/01/2024,06/02/2024,NULL,NULL,27/02/2024,NULL,NULL,26/02/2024,NULL,Approved With Conditions,NULL
3331617,54474698,S62A/2023/0027,17/10/2023,31/10/2023,NULL,NULL,06/11/2023,16/11/2023,06/11/2023,NULL,NULL,15/12/2023,NULL,NULL,NULL,30/01/2024,NULL,28/03/2024,13/03/2024,NULL,Approved With Conditions,NULL
3332644,54724677,S62A/2023/0028,06/11/2023,05/12/2023,08/11/2023,NULL,NULL,NULL,NULL,NULL,NULL,12/01/2024,NULL,NULL,NULL,05/03/2024,NULL,NULL,05/03/2024,NULL,Refused,NULL
3334060,55047106,S62A/2023/0029,24/11/2023,NULL,06/12/2023,NULL,NULL,NULL,NULL,NULL,NULL,NULL,NULL,NULL,NULL,NULL,NULL,NULL,NULL,NULL,Withdrawn,NULL
3334582,55156834,S62A/2023/0030,05/12/2023,10/01/2024,NULL,NULL,NULL,NULL,NULL,NULL,NULL,13/02/2024,NULL,NULL,NULL,10/04/2024,07/06/2024,NULL,07/06/2024,NULL,Refused,NULL
3334584,55155356,S62A/2023/0031,05/12/2023,21/12/2023,NULL,NULL,NULL,NULL,NULL,NULL,NULL,09/02/2024,NULL,NULL,NULL,21/03/2024,NULL,11/04/2024,10/04/2024,NULL,Approved With Conditions,NULL
3336795,55621655,S62A/2024/0032,12/01/2024,13/02/2024,NULL,NULL,NULL,NULL,NULL,NULL,NULL,05/04/2024,NULL,NULL,NULL,14/05/2024,NULL,NULL,24/05/2024,NULL,Approved With Conditions,NULL
3338453,55991839,S62A/2024/0033,08/02/2024,NULL,NULL,NULL,NULL,NULL,NULL,NULL,NULL,NULL,NULL,NULL,NULL,NULL,NULL,NULL,NULL,NULL,NULL,NULL
3340881,56525542,S62A/2024/0034,14/03/2024,20/05/2024,NULL,NULL,NULL,NULL,NULL,NULL,NULL,26/06/2024,NULL,NULL,NULL,15/07/2024,NULL,NULL,08/07/2024,NULL,Withdrawn,NULL
3341124,56582935,S62A/2024/0035,18/03/2024,NULL,NULL,NULL,NULL,NULL,NULL,NULL,NULL,NULL,NULL,NULL,NULL,NULL,NULL,NULL,NULL,NULL,NULL,NULL
3341247,56606826,S62A/2024/0039,18/03/2024,03/04/2024,NULL,NULL,15/04/2024,NULL,NULL,NULL,NULL,10/05/2024,NULL,NULL,NULL,29/05/2024,NULL,05/05/2025,05/06/2024,NULL,Refused,NULL
3341452,56658251,S62A/2024/0040,26/03/2024,04/04/2024,NULL,NULL,15/04/2024,24/04/2024,NULL,NULL,NULL,14/05/2024,NULL,NULL,NULL,30/05/2024,NULL,NULL,29/05/2024,NULL,Refused,NULL
3343084,57051113,S62A/2024/0041,23/04/2024,02/05/2024,25/04/2024,NULL,NULL,NULL,NULL,NULL,NULL,05/06/2024,NULL,NULL,NULL,27/06/2024,NULL,NULL,21/06/2024,NULL,Approved With Conditions,NULL
3343222,57077269,S62A/2024/0042,14/03/2024,20/05/2024,NULL,NULL,NULL,NULL,NULL,NULL,NULL,26/06/2024,NULL,NULL,NULL,08/07/2024,NULL,NULL,08/07/2024,NULL,Withdrawn,NULL
3343736,57194970,S62A/2024/0043,03/05/2024,15/05/2024,09/05/2024,NULL,NULL,NULL,NULL,NULL,NULL,05/07/2024,NULL,NULL,NULL,10/07/2024,NULL,NULL,NULL,NULL,NULL,NULL
3344956,57473948,S62A/2024/0044,14/05/2024,24/06/2024,07/06/2024,NULL,NULL,NULL,NULL,NULL,NULL,01/08/2024,NULL,NULL,NULL,19/08/2024,NULL,NULL,19/08/2024,NULL,Refused,NULL
3345139,57520228,S62A/2024/0045,24/05/2024,20/06/2024,NULL,NULL,NULL,NULL,NULL,NULL,NULL,29/07/2024,29/08/2024,NULL,NULL,19/09/2024,NULL,NULL,13/09/2024,NULL,Approved With Conditions,NULL
3345559,57611120,S62A/2024/0046,03/06/2024,03/07/2024,06/06/2024,NULL,NULL,NULL,NULL,NULL,NULL,08/08/2024,NULL,NULL,NULL,29/08/2024,NULL,NULL,15/08/2024,NULL,Refused,NULL
3346342,57766416,S62A/2024/0047,13/06/2024,01/07/2024,NULL,NULL,NULL,NULL,NULL,NULL,NULL,07/08/2024,NULL,NULL,NULL,27/08/2024,NULL,NULL,27/08/2024,NULL,Approved With Conditions,NULL
3346437,57791244,S62A/2024/0048,14/06/2024,06/08/2024,NULL,NULL,NULL,NULL,NULL,NULL,NULL,11/09/2024,NULL,NULL,NULL,01/10/2024,NULL,NULL,09/10/2024,NULL,Refused,NULL
3346773,57862549,S62A/2024/0049,20/06/2024,01/07/2024,25/06/2024,NULL,NULL,NULL,NULL,NULL,NULL,06/08/2024,NULL,NULL,NULL,30/09/2024,NULL,29/11/2024,27/11/2024,NULL,Approved With Conditions,NULL
3346778,57863213,S62A/2024/0050,20/06/2024,01/07/2024,NULL,NULL,NULL,NULL,NULL,NULL,NULL,01/08/2024,NULL,NULL,NULL,27/08/2024,NULL,NULL,22/08/2024,NULL,Refused,NULL
3347363,58009481,S62A/2024/0051,02/07/2024,25/07/2024,09/07/2024,NULL,02/08/2024,08/08/2024,02/08/2024,08/08/2024,31/07/2024,30/08/2024,NULL,NULL,NULL,24/10/2024,NULL,NULL,17/09/2024,NULL,Refused,NULL
3347426,58022819,S62A/2024/0052,03/07/2024,08/07/2024,NULL,NULL,NULL,NULL,NULL,NULL,NULL,NULL,NULL,NULL,NULL,NULL,NULL,NULL,06/08/2024,NULL,NULL,NULL
3347485,58036703,S62A/2024/0053,04/07/2024,01/08/2024,NULL,17/07/2024,NULL,NULL,NULL,NULL,NULL,06/09/2024,NULL,NULL,NULL,26/09/2024,NULL,NULL,24/09/2024,NULL,Approved With Conditions,NULL
3347751,58090825,S62A/2024/0054,08/07/2024,29/08/2024,NULL,18/07/2024,NULL,NULL,NULL,NULL,NULL,04/10/2024,NULL,NULL,NULL,24/10/2024,NULL,NULL,22/10/2024,NULL,Refused,NULL
3347982,58145337,S62A/2024/0055,12/07/2024,26/07/2024,17/07/2024,NULL,NULL,NULL,NULL,NULL,NULL,30/08/2024,NULL,NULL,NULL,20/09/2024,NULL,NULL,17/09/2024,NULL,Approved With Conditions,NULL
3348339,58221735,S62A/2024/0056,17/07/2024,26/07/2024,18/07/2024,NULL,NULL,NULL,NULL,NULL,NULL,02/09/2024,NULL,NULL,NULL,20/09/2024,NULL,NULL,18/09/2024,NULL,Approved With Conditions,NULL
3348598,58278364,S62A/2024/0057,22/07/2024,05/08/2024,25/07/2024,NULL,NULL,NULL,NULL,NULL,NULL,20/09/2024,NULL,NULL,NULL,04/11/2024,NULL,NULL,01/11/2024,NULL,Refused,NULL
3349259,58416908,S62A/2024/0058,31/07/2024,27/08/2024,01/08/2024,NULL,NULL,NULL,NULL,NULL,NULL,18/10/2024,NULL,NULL,NULL,26/11/2024,NULL,17/01/2025,17/01/2025,NULL,Approved With Conditions,NULL
3350786,58755851,S62A/2024/0059,24/08/2024,05/09/2024,NULL,NULL,NULL,NULL,NULL,NULL,NULL,10/10/2024,NULL,NULL,NULL,31/10/2024,NULL,NULL,24/10/2024,NULL,Approved With Conditions,NULL
3351146,58828961,S62A/2024/0060,02/09/2024,22/11/2024,04/09/2024,NULL,27/11/2024,NULL,NULL,NULL,NULL,03/01/2025,NULL,NULL,NULL,17/01/2025,NULL,NULL,17/01/2025,NULL,Refused,NULL
3351641,58938529,S62A/2024/0061,10/09/2024,25/09/2024,16/09/2024,NULL,NULL,NULL,NULL,NULL,NULL,28/10/2024,NULL,NULL,NULL,20/11/2024,NULL,NULL,18/11/2024,NULL,Approved With Conditions,NULL
3352232,59081192,S62A/2024/0062,19/09/2024,02/10/2024,24/09/2024,02/10/2024,NULL,NULL,NULL,NULL,NULL,04/11/2024,NULL,NULL,NULL,27/11/2024,NULL,NULL,15/11/2024,NULL,Approved With Conditions,NULL
3352726,59179698,S62A/2024/0063,27/09/2024,23/10/2024,30/09/2024,NULL,NULL,NULL,NULL,NULL,NULL,25/11/2024,NULL,NULL,NULL,18/12/2024,NULL,NULL,18/12/2024,NULL,Approved With Conditions,NULL
3352831,59217545,S62A/2024/0064,30/09/2024,14/10/2024,02/10/2024,NULL,NULL,NULL,NULL,NULL,NULL,15/11/2024,NULL,NULL,NULL,09/12/2024,NULL,NULL,17/01/2025,NULL,Approved With Conditions,NULL
3353379,59351210,S62A/2024/0065,07/10/2024,28/10/2024,NULL,NULL,NULL,NULL,NULL,NULL,NULL,03/12/2024,NULL,NULL,NULL,23/12/2024,NULL,NULL,20/12/2024,NULL,Approved With Conditions,NULL
3353400,59357920,S62A/2024/0066,08/10/2024,NULL,15/10/2024,NULL,NULL,NULL,NULL,NULL,NULL,NULL,NULL,NULL,NULL,NULL,NULL,NULL,NULL,NULL,NULL,NULL
3353576,59393215,S62A/2024/0069,10/10/2024,12/11/2024,NULL,NULL,NULL,NULL,NULL,NULL,NULL,16/12/2024,NULL,NULL,NULL,07/01/2025,NULL,NULL,17/01/2025,NULL,Approved With Conditions,NULL
3354625,59654772,S62A/2024/0070,28/10/2024,12/11/2024,NULL,NULL,NULL,NULL,NULL,NULL,NULL,17/12/2024,NULL,NULL,NULL,07/01/2025,NULL,04/02/2025,31/01/2025,NULL,Approved With Conditions,NULL
3354954,59734769,S62A/2024/0071,04/11/2024,18/11/2024,NULL,NULL,NULL,NULL,NULL,NULL,NULL,18/12/2024,NULL,NULL,NULL,13/01/2025,NULL,NULL,10/01/2025,NULL,Approved With Conditions,NULL
3354970,59737373,S62A/2024/0072,04/11/2024,17/01/2025,NULL,NULL,NULL,NULL,NULL,NULL,NULL,18/02/2025,NULL,NULL,NULL,14/03/2025,NULL,NULL,13/03/2025,NULL,Refused,NULL
3356346,60055854,S62A/2024/0073,27/11/2024,12/12/2024,NULL,09/12/2024,NULL,NULL,NULL,NULL,NULL,22/01/2025,NULL,NULL,NULL,06/02/2025,NULL,NULL,31/01/2025,NULL,Approved With Conditions,NULL
3357271,60267979,S62A/2024/0074,11/12/2024,NULL,NULL,NULL,NULL,NULL,NULL,NULL,NULL,NULL,NULL,NULL,NULL,NULL,NULL,NULL,NULL,NULL,NULL,NULL
3357844,60418105,S62A/2024/0075,18/12/2024,21/01/2025,NULL,NULL,NULL,NULL,NULL,NULL,NULL,14/03/2025,NULL,NULL,NULL,22/04/2025,NULL,20/05/2025,19/05/2025,NULL,Approved With Conditions,NULL
3358488,60575261,S62A/2025/0076,06/01/2025,15/01/2025,14/01/2025,NULL,NULL,NULL,NULL,NULL,NULL,20/02/2025,NULL,NULL,NULL,12/03/2025,NULL,NULL,12/03/2025,NULL,Refused,NULL
3358911,60670811,S62A/2025/0077,13/01/2025,12/02/2025,21/01/2025,NULL,18/02/2025,NULL,NULL,NULL,NULL,11/04/2025,NULL,NULL,NULL,14/05/2025,NULL,18/06/2025,11/06/2025,NULL,Refused,NULL
3359892,60912700,S62A/2025/0078,31/01/2025,NULL,04/02/2025,05/02/2025,NULL,NULL,NULL,NULL,NULL,NULL,NULL,NULL,NULL,NULL,NULL,NULL,NULL,NULL,NULL,NULL
3359924,60920269,S62A/2025/0079,31/01/2025,18/02/2025,06/02/2025,NULL,24/02/2025,NULL,NULL,NULL,NULL,21/03/2025,NULL,NULL,NULL,15/04/2025,NULL,NULL,14/04/2025,NULL,Refused,NULL
3360113,60971760,S62A/2025/0080,04/02/2025,24/02/2025,11/02/2025,NULL,NULL,NULL,NULL,NULL,NULL,22/04/2025,NULL,NULL,NULL,22/04/2025,NULL,09/05/2025,19/05/2025,NULL,Approved With Conditions,NULL
3360292,61010473,S62A/2025/0081,07/02/2025,20/02/2025,14/02/2025,NULL,27/02/2025,NULL,NULL,NULL,NULL,27/03/2025,NULL,NULL,NULL,17/04/2025,NULL,NULL,02/04/2025,NULL,Approved With Conditions,NULL
3360299,61009201,S62A/2025/0082,07/02/2025,10/03/2025,14/02/2025,NULL,NULL,NULL,NULL,NULL,NULL,17/04/2025,NULL,NULL,NULL,06/05/2025,NULL,NULL,06/05/2025,NULL,Refused,NULL
3360374,61025737,S62A/2025/0083,10/02/2025,NULL,NULL,NULL,NULL,NULL,NULL,NULL,NULL,NULL,NULL,NULL,NULL,NULL,NULL,NULL,NULL,NULL,NULL,NULL
3360501,61058539,S62A/2025/0084,11/02/2025,24/02/2025,18/02/2025,27/02/2025,NULL,NULL,NULL,NULL,NULL,01/04/2025,NULL,NULL,NULL,22/04/2025,NULL,NULL,20/05/2025,NULL,Approved With Conditions,NULL
3360671,61099991,S62A/2025/0085,14/02/2025,03/03/2025,21/02/2025,NULL,07/03/2025,NULL,NULL,NULL,NULL,04/04/2025,NULL,NULL,NULL,28/04/2025,NULL,NULL,19/05/2025,NULL,Approved With Conditions,NULL
3360801,61126851,S62A/2025/0086,17/02/2025,NULL,NULL,NULL,NULL,NULL,NULL,NULL,NULL,NULL,NULL,NULL,NULL,NULL,NULL,NULL,NULL,NULL,NULL,NULL
3361110,61205830,S62A/2025/0087,20/02/2025,20/03/2025,25/02/2025,NULL,NULL,NULL,NULL,NULL,NULL,28/04/2025,NULL,NULL,NULL,15/05/2025,NULL,05/06/2025,12/06/2025,NULL,Refused,NULL
3361117,61207413,S62A/2025/0088,21/02/2025,27/03/2025,NULL,NULL,NULL,NULL,NULL,NULL,NULL,01/05/2025,NULL,NULL,NULL,22/05/2025,NULL,NULL,22/05/2025,NULL,Refused,NULL
3361296,61248526,S62A/2025/0089,25/02/2025,NULL,NULL,NULL,NULL,NULL,NULL,NULL,NULL,NULL,NULL,NULL,NULL,NULL,NULL,NULL,NULL,NULL,NULL,NULL
3361506,61294696,S62A/2025/0090,25/02/2025,12/06/2025,NULL,NULL,NULL,NULL,NULL,NULL,NULL,18/07/2025,NULL,NULL,NULL,07/08/2025,NULL,NULL,07/08/2025,NULL,Refused,NULL
3361514,61295483,S62A/2025/0091,27/02/2025,07/03/2025,NULL,NULL,NULL,NULL,NULL,NULL,NULL,16/04/2025,NULL,NULL,NULL,02/05/2025,NULL,16/06/2025,23/06/2025,NULL,Refused,NULL
3361610,61324081,S62A/2025/0092,03/03/2025,21/03/2025,10/03/2025,NULL,NULL,NULL,NULL,NULL,NULL,30/04/2025,NULL,NULL,NULL,16/05/2025,NULL,NULL,20/05/2025,NULL,Approved With Conditions,NULL
3361740,61359380,S62A/2025/0093,04/03/2025,28/03/2025,NULL,NULL,NULL,NULL,NULL,NULL,NULL,02/05/2025,NULL,NULL,NULL,23/05/2025,NULL,NULL,05/06/2025,NULL,Refused,NULL
3361741,61358613,S62A/2025/0094,05/03/2025,19/03/2025,12/03/2025,NULL,NULL,NULL,NULL,NULL,NULL,24/04/2025,NULL,NULL,NULL,14/05/2025,NULL,NULL,15/05/2025,NULL,Approved With Conditions,NULL
3362542,61579215,S62A/2025/0095,17/03/2025,NULL,NULL,NULL,NULL,NULL,NULL,NULL,NULL,NULL,NULL,NULL,NULL,NULL,NULL,NULL,NULL,NULL,NULL,NULL
3362717,61617805,S62A/2025/0096,20/03/2025,15/04/2025,26/03/2025,NULL,NULL,NULL,NULL,NULL,NULL,22/05/2025,NULL,NULL,NULL,10/06/2025,NULL,NULL,10/06/2025,NULL,Approved With Conditions,NULL
3362803,61622904,S62A/2025/0097,21/03/2025,07/05/2025,27/03/2025,NULL,NULL,NULL,NULL,NULL,NULL,12/06/2025,NULL,NULL,NULL,02/07/2025,NULL,NULL,27/06/2025,NULL,Approved With Conditions,NULL
3363062,61689371,S62A/2025/0098,26/03/2025,NULL,NULL,NULL,NULL,NULL,NULL,NULL,NULL,NULL,NULL,NULL,NULL,NULL,NULL,NULL,NULL,NULL,NULL,NULL
3363190,61727890,S62A/2025/0099,28/03/2025,NULL,NULL,NULL,NULL,NULL,NULL,NULL,NULL,NULL,NULL,NULL,NULL,NULL,NULL,NULL,14/05/2025,NULL,Withdrawn,NULL
3364167,61960454,S62A/2025/0100,10/04/2025,NULL,NULL,NULL,NULL,NULL,NULL,NULL,NULL,NULL,NULL,NULL,NULL,NULL,NULL,NULL,NULL,NULL,NULL,NULL
3364272,61988727,S62A/2025/0101,14/04/2025,29/04/2025,NULL,NULL,NULL,NULL,NULL,NULL,NULL,04/06/2025,NULL,NULL,NULL,24/06/2025,NULL,NULL,24/06/2025,NULL,Refused,NULL
3364562,62035360,S62A/2025/0102,23/04/2025,09/05/2025,NULL,NULL,NULL,NULL,NULL,NULL,NULL,13/06/2025,NULL,NULL,NULL,04/07/2025,NULL,NULL,01/07/2025,NULL,Approved With Conditions,NULL
3364586,62031925,S62A/2025/0103,24/04/2025,06/05/2025,NULL,NULL,NULL,NULL,NULL,NULL,NULL,11/06/2025,NULL,NULL,NULL,01/07/2025,NULL,NULL,27/06/2025,NULL,Approved With Conditions,NULL
3364589,62049112,S62A/2025/0104,24/04/2025,12/05/2025,02/05/2025,NULL,NULL,NULL,NULL,NULL,NULL,16/06/2025,NULL,NULL,NULL,07/07/2025,NULL,NULL,27/06/2025,NULL,Approved With Conditions,NULL
3365002,62132889,S62A/2025/0105,30/04/2025,13/05/2025,NULL,NULL,NULL,NULL,NULL,NULL,NULL,18/06/2025,NULL,NULL,NULL,08/07/2025,NULL,29/08/2025,20/08/2025,NULL,Approved With Conditions,NULL
3365009,62132629,S62A/2025/0106,30/04/2025,13/05/2025,09/05/2025,NULL,NULL,NULL,NULL,NULL,NULL,18/06/2025,NULL,NULL,NULL,08/07/2025,NULL,NULL,02/07/2025,NULL,Approved With Conditions,NULL
3365517,62245304,S62A/2025/0107,09/05/2025,27/05/2025,16/05/2025,21/05/2025,NULL,NULL,NULL,NULL,NULL,04/07/2025,08/08/2025,NULL,07/07/2025,27/08/2025,NULL,01/09/2025,01/09/2025,NULL,Approved With Conditions,NULL
3365940,62338213,S62A/2025/0108,16/05/2025,02/06/2025,NULL,NULL,NULL,NULL,NULL,NULL,NULL,04/07/2025,NULL,NULL,NULL,28/07/2025,NULL,NULL,17/07/2025,NULL,Refused,NULL
3366773,62502509,S62A/2025/0109,30/05/2025,10/06/2025,NULL,NULL,NULL,NULL,NULL,NULL,NULL,16/07/2025,NULL,NULL,NULL,05/08/2025,NULL,NULL,23/07/2025,NULL,Approved With Conditions,NULL
3367512,62667044,S62A/2025/0110,12/06/2025,26/06/2025,NULL,NULL,NULL,NULL,NULL,NULL,NULL,31/07/2025,NULL,NULL,NULL,21/08/2025,NULL,NULL,01/08/2025,NULL,Approved With Conditions,NULL
3367902,62759342,S62A/2025/0111,18/06/2025,01/07/2025,NULL,NULL,NULL,NULL,NULL,NULL,NULL,04/08/2025,NULL,NULL,NULL,26/08/2025,NULL,NULL,08/08/2025,NULL,Refused,NULL
3369181,63074771,S62A/2025/0112,10/07/2025,04/08/2025,NULL,NULL,05/08/2025,NULL,NULL,NULL,NULL,04/09/2025,NULL,NULL,09/09/2025,29/09/2025,NULL,NULL,26/09/2025,NULL,Refused,NULL
3369242,63090056,S62A/2025/0113,11/07/2025,29/07/2025,NULL,NULL,06/08/2025,13/08/2025,06/08/2025,NULL,05/08/2025,04/09/2025,NULL,NULL,NULL,23/09/2025,NULL,08/10/2025,08/10/2025,NULL,Refused,NULL
3369640,63172228,S62A/2025/0114,21/07/2025,04/08/2025,28/07/2025,NULL,NULL,NULL,NULL,NULL,NULL,09/09/2025,NULL,NULL,NULL,29/09/2025,NULL,09/10/2025,07/10/2025,NULL,Approved With Conditions,NULL
3370226,63299694,S62A/2025/0115,30/07/2025,12/08/2025,05/08/2025,21/08/2025,14/08/2025,NULL,NULL,NULL,NULL,15/09/2025,NULL,NULL,NULL,07/10/2025,NULL,17/10/2025,17/10/2025,NULL,Refused,NULL
3370385,63336577,S62A/2025/0116,04/08/2025,13/08/2025,08/08/2025,19/08/2025,18/08/2025,NULL,NULL,NULL,NULL,16/09/2025,NULL,NULL,NULL,08/10/2025,NULL,NULL,07/10/2025,NULL,Approved With Conditions,NULL
3370418,63346283,S62A/2025/0117,04/08/2025,13/08/2025,NULL,19/08/2025,NULL,NULL,NULL,NULL,NULL,16/09/2025,NULL,NULL,NULL,08/10/2025,NULL,NULL,07/10/2025,NULL,Approved With Conditions,NULL
3370511,63357980,S62A/2025/0118,04/08/2025,20/08/2025,13/08/2025,NULL,27/08/2025,03/09/2025,27/08/2025,NULL,NULL,24/09/2025,NULL,NULL,NULL,15/10/2025,NULL,31/10/2025,30/10/2025,NULL,Approved With Conditions,NULL
3371324,63513649,S62A/2025/0119,18/08/2025,26/09/2025,NULL,NULL,NULL,NULL,NULL,NULL,NULL,05/11/2025,NULL,NULL,NULL,21/11/2025,NULL,NULL,21/11/2025,NULL,Approved With Conditions,NULL
3372002,63645447,S62A/2025/0120,29/08/2025,10/09/2025,NULL,NULL,15/09/2025,NULL,NULL,NULL,NULL,14/10/2025,NULL,NULL,NULL,05/11/2025,NULL,02/12/2025,02/12/2025,NULL,Approved With Conditions,NULL
3372455,63711532,S62A/2025/0121,03/09/2025,10/10/2025,NULL,NULL,NULL,NULL,NULL,NULL,NULL,14/11/2025,NULL,NULL,NULL,05/12/2025,NULL,NULL,02/12/2025,NULL,Approved With Conditions,NULL
3372727,63774585,S62A/2025/0122,08/09/2025,NULL,NULL,NULL,NULL,NULL,NULL,NULL,NULL,NULL,NULL,NULL,NULL,NULL,NULL,NULL,25/09/2025,NULL,Withdrawn,NULL
3372814,63797785,S62A/2025/0123,10/09/2025,25/09/2025,NULL,NULL,NULL,NULL,NULL,NULL,NULL,28/10/2025,NULL,NULL,NULL,20/11/2025,NULL,NULL,06/11/2025,NULL,Approved With Conditions,NULL
3373019,63843192,S62A/2025/0124,15/09/2025,NULL,NULL,NULL,NULL,NULL,NULL,NULL,NULL,NULL,NULL,NULL,NULL,NULL,NULL,NULL,01/10/2025,NULL,Withdrawn,NULL
3373031,63843889,S62A/2025/0125,15/09/2025,23/10/2025,NULL,NULL,NULL,NULL,NULL,NULL,NULL,28/11/2025,NULL,NULL,NULL,18/12/2025,NULL,NULL,12/12/2025,NULL,Refused,NULL
3373065,63841099,S62A/2025/0126,15/09/2025,25/09/2025,NULL,NULL,NULL,NULL,NULL,NULL,NULL,30/10/2025,NULL,NULL,NULL,20/11/2025,NULL,NULL,18/11/2025,NULL,Approved With Conditions,NULL
3373422,63924674,S62A/2025/0127,22/09/2025,02/10/2025,NULL,NULL,09/10/2025,NULL,NULL,NULL,NULL,05/11/2025,NULL,NULL,NULL,27/11/2025,NULL,NULL,26/11/2025,NULL,Approved With Conditions,NULL
3373769,63987613,S62A/2025/0129,26/09/2025,21/11/2025,NULL,NULL,NULL,NULL,NULL,NULL,NULL,31/12/2025,NULL,NULL,NULL,16/01/2026,NULL,NULL,16/01/2026,NULL,Refused,NULL
3374024,64046274,S62A/2025/0130,01/10/2025,29/10/2025,NULL,NULL,NULL,NULL,NULL,NULL,NULL,02/12/2025,NULL,NULL,NULL,24/12/2025,NULL,NULL,23/12/2025,NULL,Refused,NULL
3374574,64180342,S62A/2025/0131,08/10/2025,07/11/2025,NULL,NULL,NULL,NULL,NULL,NULL,NULL,11/12/2025,NULL,NULL,NULL,02/01/2026,NULL,NULL,29/12/2025,NULL,Refused,NULL
3374612,64192138,S62A/2025/0132,15/10/2025,03/11/2025,21/10/2025,NULL,07/11/2025,NULL,NULL,NULL,NULL,04/12/2025,NULL,NULL,NULL,29/12/2025,NULL,NULL,15/12/2025,NULL,Refused,NULL
3374641,64199315,S62A/2025/0133,15/10/2025,05/11/2025,NULL,NULL,NULL,NULL,NULL,NULL,NULL,17/12/2025,NULL,NULL,NULL,31/12/2025,NULL,09/01/2026,09/01/2026,NULL,Refused,NULL
3374771,64238131,S62A/2025/0134,17/10/2025,06/11/2025,NULL,NULL,NULL,NULL,NULL,NULL,NULL,10/12/2025,NULL,NULL,NULL,02/01/2026,NULL,NULL,02/01/2026,NULL,Refused,NULL
3374821,64244897,S62A/2025/0135,21/10/2025,14/11/2025,28/10/2025,NULL,NULL,NULL,NULL,NULL,NULL,18/12/2025,NULL,NULL,NULL,09/01/2026,NULL,NULL,06/01/2026,NULL,Refused,NULL
3374895,64264576,S62A/2025/0136,22/10/2025,19/11/2025,NULL,NULL,NULL,NULL,NULL,NULL,NULL,30/12/2025,NULL,NULL,NULL,14/01/2026,NULL,NULL,08/01/2026,NULL,Refused,NULL
3375423,64396048,S62A/2025/0137,04/11/2025,19/11/2025,NULL,NULL,NULL,NULL,NULL,NULL,NULL,08/01/2026,NULL,NULL,NULL,14/01/2026,NULL,26/01/2026,05/02/2026,NULL,Approved With Conditions,NULL
3375478,64409332,S62A/2025/0138,05/11/2025,20/11/2025,NULL,NULL,NULL,NULL,NULL,NULL,NULL,30/12/2025,NULL,NULL,NULL,15/01/2026,NULL,NULL,14/01/2026,NULL,Approved With Conditions,NULL
3375640,64450979,S62A/2025/0139,10/11/2025,09/12/2025,NULL,NULL,NULL,NULL,NULL,NULL,NULL,16/01/2026,NULL,NULL,NULL,03/02/2026,NULL,NULL,28/01/2026,NULL,Refused,NULL
3376036,64547079,S62A/2025/0140,19/11/2025,08/12/2025,NULL,NULL,NULL,NULL,NULL,NULL,NULL,14/01/2026,NULL,NULL,NULL,02/02/2026,NULL,NULL,21/01/2026,NULL,Refused,NULL
3376150,64575130,S62A/2025/0141,19/11/2025,16/12/2025,NULL,NULL,NULL,NULL,NULL,NULL,NULL,28/01/2026,NULL,NULL,NULL,10/02/2026,NULL,NULL,09/02/2026,NULL,Approved,NULL
3376198,64594131,S62A/2025/0142,21/11/2025,05/12/2025,NULL,NULL,NULL,NULL,NULL,NULL,NULL,13/01/2026,NULL,NULL,NULL,30/01/2026,NULL,NULL,20/01/2026,NULL,Refused,NULL
3376225,64603752,S62A/2025/0143,21/11/2025,03/12/2025,NULL,NULL,NULL,NULL,NULL,NULL,NULL,12/01/2026,NULL,NULL,NULL,28/01/2026,NULL,NULL,15/01/2026,NULL,Refused,NULL
3376610,64696447,S62A/2025/0144,03/12/2025,23/12/2025,NULL,NULL,NULL,NULL,NULL,NULL,NULL,02/02/2026,NULL,NULL,NULL,17/02/2026,NULL,NULL,17/02/2026,NULL,Refused,NULL
3376737,64741642,S62A/2025/0145,11/12/2025,05/01/2026,NULL,NULL,NULL,NULL,NULL,NULL,NULL,06/02/2026,NULL,NULL,NULL,02/03/2026,NULL,NULL,18/02/2026,NULL,Approved With Conditions,NULL
3376738,64740399,S62A/2025/0146,11/12/2025,NULL,NULL,NULL,NULL,NULL,NULL,NULL,NULL,NULL,NULL,NULL,NULL,NULL,NULL,NULL,NULL,NULL,NULL,NULL
3376849,64784160,S62A/2025/0147,17/12/2025,08/01/2026,22/12/2025,NULL,NULL,NULL,NULL,NULL,NULL,10/02/2026,NULL,NULL,NULL,05/03/2026,NULL,NULL,26/02/2026,NULL,Refused,NULL
3376904,64797778,S62A/2025/0148,18/12/2025,14/01/2026,30/12/2025,NULL,NULL,NULL,NULL,NULL,NULL,16/02/2026,NULL,NULL,NULL,11/03/2026,NULL,NULL,16/03/2026,NULL,Approved With Conditions,NULL
3377086,64834926,S62A/2025/0149,22/12/2025,12/01/2026,NULL,NULL,NULL,NULL,NULL,NULL,NULL,11/02/2026,NULL,NULL,NULL,09/03/2026,NULL,NULL,09/03/2026,NULL,Approved With Conditions,NULL
3377096,64839260,S62A/2025/0150,22/12/2025,22/01/2026,NULL,NULL,NULL,NULL,NULL,NULL,NULL,24/02/2026,NULL,NULL,NULL,19/03/2026,NULL,NULL,09/04/2026,NULL,Approved With Conditions,NULL
3377128,64848865,S62A/2025/0151,23/12/2025,13/01/2026,NULL,NULL,NULL,NULL,NULL,NULL,NULL,16/02/2026,NULL,NULL,NULL,10/03/2026,NULL,NULL,30/03/2026,NULL,Refused,NULL
3377230,64905139,S62A/2026/0152,06/01/2026,NULL,NULL,NULL,NULL,NULL,NULL,NULL,NULL,NULL,NULL,NULL,NULL,NULL,NULL,NULL,NULL,NULL,NULL,NULL
3377521,65006133,S62A/2026/0153,21/01/2026,NULL,NULL,NULL,NULL,NULL,NULL,NULL,NULL,NULL,NULL,NULL,NULL,NULL,NULL,NULL,NULL,NULL,NULL,NULL
3378824,65783528,S62A/2026/0154,17/06/2026,NULL,NULL,NULL,NULL,NULL,NULL,NULL,NULL,NULL,NULL,NULL,NULL,NULL,NULL,NULL,NULL,NULL,NULL,NULL
3378852,65813466,S62A/2026/0155,09/07/2026,NULL,NULL,NULL,NULL,NULL,NULL,NULL,NULL,NULL,NULL,NULL,NULL,NULL,NULL,NULL,NULL,NULL,NULL,NULL