CaseUniqueId,CaseNodeId,CaseReference,Name,caseCategory
3153419,16780598,S62A/2014/0001,S62A/2014/0001/Hospital Lane Blaby,NULL
3153433,16784769,S62A/2015/0002,S62A/2015/0002/Seafield Farm Beoley,NULL
3170466,20368079,S62A/2017/0001,NULL,NULL
3217499,30019296,S62A/2018/0001,S62A/2018/0001/TEST CASE - DO NOT USE,NULL
3299621,47666450,S62A/2022/0002,"S62A/2022/0002/S62A/22/0000002 - Former Friends’ School, Mount Pleasant Rd, Saffron Walden CB11 3EB",NULL
3299676,47687427,S62A/2022/0003,S62A/2022/0003/Test case do not use,NULL
3299677,47687098,S62A/2022/0004,"S62A/2022/0004/Land east of Parsonage Road, and south of Hall Road, Stansted, Essex, CM22 6PL",NULL
3302145,48186011,S62A/2022/0005,"S62A/2022/0005/Land at Canfield Moat, High Cross Lane West, Little Canfield, Essex, CM6 1TD",NULL
3302195,48191557,S62A/2022/0006,S62A/2022/0006/Berden Solar,NULL
3304231,48602178,S62A/2022/0007,"S62A/2022/0007/Land to the south of Henham Road, Elsenham, Essex",NULL
3304712,48694926,S62A/2022/0008,"S62A/2022/0008/(pre-app) Draper’s Farm, Rayne, Essex, CM77 6SN",pre-app
3304713,48695239,S62A/2022/0009,"S62A/2022/0009/(pre-app) Land at Lord Rayleigh’s Farm, Dunmow, Essex, CM6 3JZ",pre-app
3306318,49053582,S62A/2022/0010,"S62A/2022/0010/(pre-app) land to the south of Birchanger Lane, Birchanger, Essex, CM23 5QH",pre-app
3307113,49206759,S62A/2022/0011,"S62A/2022/0011/Land Near Pelham Substation, Maggots End Road, Manuden",NULL
3308111,49419637,S62A/2022/0012,"S62A/2022/0012/Land East of Station Road, Elsenham",NULL
3308658,49521922,S62A/2022/0013,"S62A/2022/0013/(pre-app) Land at Cox Ley, Hatfield Heath, Bishop’s Stortford",pre-app
3312130,50231527,S62A/2022/0014,"S62A/2022/0014/Land West of Thaxted Road, Saffron Walden",NULL
3315672,51013116,S62A/2023/0015,"S62A/2023/0015/Grange Paddock, Ickleton Road, Elmdon, Essex, CB11 4GR",NULL
3319907,51916497,S62A/2023/0016,"S62A/2023/0016/Warish Hall Farm, Smiths Green Lane, Takeley, Essex, CM22 6NZ",NULL
3319999,51937925,S62A/2023/0017,"S62A/2023/0017/Land at Tilekiln Green, Start Hill, Great Hallingbury, CM22 7TA",NULL
3320120,51968439,S62A/2023/0018,"S62A/2023/0018/Land East of Pines Hill, Stansted Mountfitchet, CM24 8EY",NULL
3324434,52887835,S62A/2023/0019,"S62A/2023/0019/Land to the north of Roseacres, between Parsonage Road and Smiths Green Lane, Takeley, Essex (Land known as Bull Field, Warish Hall Farm, Takeley, Essex)",NULL
3325259,53087260,S62A/2023/0020,"S62A/2023/0020/(pre-app) Stansted Airport, Bassingbourn Road, Stansted, CM24 1QW",pre-app
3326157,53280239,S62A/2023/0021,"S62A/2023/0021/Moors Field, Station Road, Little Dunmow, Essex",NULL
3326935,53448038,S62A/2023/0022,"S62A/2023/0022/London Stansted Airport, Bassingbourn Road, Stansted, Essex, CM24 1QW",NULL
3328288,53737478,S62A/2023/0023,"S62A/2023/0023/Eastfield Stables, May Walk, Elsenham Road, Essex, CM24 8SS",NULL
3329554,54018500,S62A/2023/0024,"S62A/2023/0024/(pre-app) Belcham’s Lane and Maces Farm, Rickling Green, Newport, CB11 3YG",pre-app
3331210,54383533,S62A/2023/0025,"S62A/2023/0025/Land North of Eldridge Close, Stickling Green, Clavering, Essex",NULL
3331286,54403436,S62A/2023/0026,"S62A/2023/0026/Land West of Robin Hood Road, Elsenham",NULL
3331617,54474698,S62A/2023/0027,"S62A/2023/0027/Warish Hall Farm, Smiths Green Lane, Takeley, Essex, CM22 6NZ",NULL
3332644,54724677,S62A/2023/0028,"S62A/2023/0028/Land off Chelmsford Road, Hartford End, Chelmsford, Essex",NULL
3334060,55047106,S62A/2023/0029,"S62A/2023/0029/Brick House Farm, Cock Green, Felsted, Essex",NULL
3334582,55156834,S62A/2023/0030,"S62A/2023/0030/Land to the west of Clatterbury Lane, Clavering, Essex",NULL
3334584,55155356,S62A/2023/0031,"S62A/2023/0031/Land North of Thaxted Road, Saffron Walden",NULL
3336795,55621655,S62A/2024/0032,"S62A/2024/0032/Land to the West of Mill Lane, Hatfield Heath",NULL
3338453,55991839,S62A/2024/0033,"S62A/2024/0033/(pre-app) Land at Wickham Hall, Bishops Stortford, Hertfordshire, CM23 1JG",pre-app
3340881,56525542,S62A/2024/0034,"S62A/2024/0034/57 The Old Port House, Prince Street, Bristol, BS1 4QH",NULL
3341124,56582935,S62A/2024/0035,"S62A/2024/0035/(pre-app) Canfield Moat, High Cross Lane, Little Canfield, Dunmow, Essex, CM6 1TD",pre-app
3341243,0,S62A/2024/0036,NULL,NULL
3341246,56607516,S62A/2024/0038,"S62A/2024/0038/396 Hotwell Road, Clifton, Bristol",NULL
3341247,56606826,S62A/2024/0039,"S62A/2024/0039/396 Hotwell Road, Clifton, Bristol",NULL
3341452,56658251,S62A/2024/0040,"S62A/2024/0040/Promenade House, Clifton Down, Bristol BS8 3NE",NULL
3343084,57051113,S62A/2024/0041,"S62A/2024/0041/20 Conway Road, Brislington, Bristol City, Bristol BS4 3RF",NULL
3343222,57077269,S62A/2024/0042,S62A/2024/0042/LBC 57 The Old Port House Prince Street City Centre Bristol,listed-building
3343736,57194970,S62A/2024/0043,"S62A/2024/0043/85 Ruby Street, Bristol, BS3 3DW",NULL
3344956,57473948,S62A/2024/0044,"S62A/2024/0044/87 Queenshill Road, Bristol BS4 2XQ",NULL
3345139,57520228,S62A/2024/0045,"S62A/2024/0045/Land at Wickham Hall Estate, Bishops Stortford, Uttlesford, CM23 1JG",NULL
3345559,57611120,S62A/2024/0046,"S62A/2024/0046/9A/9B Rosebery Avenue, Harpenden, AL5 2QT",NULL
3346342,57766416,S62A/2024/0047,"S62A/2024/0047/39-43 College Green, Bristol, BS1 5SH",NULL
3346437,57791244,S62A/2024/0048,"S62A/2024/0048/1 Wheatfield Road, Harpenden, AL5 2NY",NULL
3346773,57862549,S62A/2024/0049,"S62A/2024/0049/Land South of Bedwell Road, Elsenham",NULL
3346778,57863213,S62A/2024/0050,"S62A/2024/0050/59 Langton Road, Bristol, BS4 4ER",NULL
3347363,58009481,S62A/2024/0051,"S62A/2024/0051/Land West of Thaxted Road, Saffron Walden",NULL
3347426,58022819,S62A/2024/0052,"S62A/2024/0052/(pre-app) Land East of Harrisons Lane, Ringmer, Lewes",pre-app
3347485,58036703,S62A/2024/0053,"S62A/2024/0053/Building 11, Explore Lane, Bristol, BS1 5TY",NULL
3347751,58090825,S62A/2024/0054,"S62A/2024/0054/38 Briar Road, St. Albans, AL4 9TL",NULL
3347982,58145337,S62A/2024/0055,"S62A/2024/0055/Vintry House (Sixth Floor), 20-32 Wine Street, Bristol, BS1 2BD",NULL
3348339,58221735,S62A/2024/0056,"S62A/2024/0056/1 Repton Road, Brislington, Bristol, BS4 3LS",NULL
3348598,58278364,S62A/2024/0057,"S62A/2024/0057/Former Friends School Field, Mount Pleasant Lane, Saffron Walden, CB11 3EB",NULL
3349259,58416908,S62A/2024/0058,"S62A/2024/0058/Land adjacent to Village Hall, East of Cambridge Road, Ugley, Bishops Stortford, Hertfordshire",NULL
3350786,58755851,S62A/2024/0059,"S62A/2024/0059/MFG Redland Service Station, Hampton Road, Redland, Bristol, BS6 6JA",NULL
3351146,58828961,S62A/2024/0060,"S62A/2024/0060/22 and 24 St.Annes Road, London Colney, St. Albans, Herts, AL2 1LJ",NULL
3351641,58938529,S62A/2024/0061,"S62A/2024/0061/59 Langton Road, Brislington, Bristol, BS4 4ER",NULL
3352232,59081192,S62A/2024/0062,"S62A/2024/0062/Unit H, Eastgate Retail Park, Eastgate Road, Bristol, BS5 6XX",NULL
3352726,59179698,S62A/2024/0063,"S62A/2024/0063/Cotham School, Cotham Lawn Road, Cotham, Bristol, BS6 6DT",NULL
3352831,59217545,S62A/2024/0064,"S62A/2024/0064/87 Queenshill Road, Bristol, BS4 2XQ",NULL
3353379,59351210,S62A/2024/0065,"S62A/2024/0065/Redcliff Quay, 120 Redcliff Street, Redcliff, Bristol, BS1 6HU",NULL
3353400,59357920,S62A/2024/0066,"S62A/2024/0066/10 Rylestone Grove, Bristol, BS9 3UT",NULL
3353561,0,S62A/2024/0067,NULL,NULL
3353562,0,S62A/2024/0068,NULL,NULL
3353576,59393215,S62A/2024/0069,"S62A/2024/0069/20 Whiteladies Road, Bristol, BS8 2LG",NULL
3354625,59654772,S62A/2024/0070,"S62A/2024/0070/David Lloyd, Greystoke Avenue, Southmead, Bristol City, BS10 6AZ",NULL
3354954,59734769,S62A/2024/0071,"S62A/2024/0071/23 Hillsborough Road, Bristol, BS4 3QW",NULL
3354970,59737373,S62A/2024/0072,"S62A/2024/0072/8 Druid Stoke Avenue, Bristol, BS9 1DD",NULL
3356346,60055854,S62A/2024/0073,"S62A/2024/0073/Redcliff Quay, 120 Redcliff Street, Redcliffe, Bristol BS1 6HU",NULL
3357271,60267979,S62A/2024/0074,"S62A/2024/0074/(pre-app) Former St John's School, Firle Road, Seaford, BN25 2HU",pre-app
3357844,60418105,S62A/2024/0075,"S62A/2024/0075/Land North of Thaxted Road, Saffron Walden",NULL
3358488,60575261,S62A/2025/0076,"S62A/2025/0076/Land at Colne Spring Villa, Colney Heath, St Albans, AL4 0PB",NULL
3358911,60670811,S62A/2025/0077,"S62A/2025/0077/Land west of High Street, Stebbing",NULL
3359892,60912700,S62A/2025/0078,"S62A/2025/0078/65 Lodge Causeway, Fishponds, Bristol, BS16 3JA",NULL
3359924,60920269,S62A/2025/0079,"S62A/2025/0079/515-517 Stockwood Road, Brislington, Bristol City, Bristol, BS4 5LR",NULL
3360113,60971760,S62A/2025/0080,"S62A/2025/0080/17 Clarendon Road, Bristol, BS6 7EX",NULL
3360292,61010473,S62A/2025/0081,"S62A/2025/0081/14 Marlborough Street, Bristol, BS5 6RH",NULL
3360299,61009201,S62A/2025/0082,"S62A/2025/0082/Bull Inn, 333 Crews Hole Road, Bristol, BS5 8BQ",NULL
3360374,61025737,S62A/2025/0083,"S62A/2025/0083/(pre-app) Land East of Lower Road, Little Hallingbury, CM22 7QZ",pre-app
3360501,61058539,S62A/2025/0084,"S62A/2025/0084/37 Sandholme Road, Brislington, Bristol, BS4 3RP",NULL
3360671,61099991,S62A/2025/0085,"S62A/2025/0085/1-3 High Street, Bristol, BS9 3DR",NULL
3360801,61126851,S62A/2025/0086,"S62A/2025/0086/(pre-app) Land east of St Edmunds Lane, Great Dunmow",pre-app
3361110,61205830,S62A/2025/0087,"S62A/2025/0087/Land between 84 and 108 Ragged Hall Lane, Chiswell Green, St Albans",NULL
3361117,61207413,S62A/2025/0088,"S62A/2025/0088/7 Redcatch Road, Bristol, BS4 2EP",NULL
3361296,61248526,S62A/2025/0089,"S62A/2025/0089/265-267 Church Road, Bristol, BS5 9HU",NULL
3361506,61294696,S62A/2025/0090,"S62A/2025/0090/2 Merton Road, Bristol, BS7 8TL",NULL
3361514,61295483,S62A/2025/0091,"S62A/2025/0091/265-267 Church Road, Bristol, BS5 9HT",NULL
3361610,61324081,S62A/2025/0092,"S62A/2025/0092/10 Melvin Square, Knowle, Bristol City, Bristol, BS4 1LZ",NULL
3361740,61359380,S62A/2025/0093,"S62A/2025/0093/43a (Land adjacent To 43) Ambleside Avenue, Bristol",NULL
3361741,61358613,S62A/2025/0094,"S62A/2025/0094/Building 11, Explore Lane, Bristol, BS1 5TY",NULL
3362542,61579215,S62A/2025/0095,"S62A/2025/0095/(pre-app) Land at Hill Green Farm, Clavering",pre-app
3362717,61617805,S62A/2025/0096,"S62A/2025/0096/399 Filton Avenue, Bristol, BS7 0LH",NULL
3362803,61622904,S62A/2025/0097,"S62A/2025/0097/ 7 Bellevue Cottages, Clifton, Bristol, BS8 4TG",NULL
3363062,61689371,S62A/2025/0098,S62A/2025/0098/(pre-app) Various sites in Birchanger & Stansted Mountfitchet,pre-app
3363190,61727890,S62A/2025/0099,S62A/2025/0099/Land located between Thaxted substation and The Cutlers Solar Farm site,NULL
3364167,61960454,S62A/2025/0100,"S62A/2025/0100/(pre-app) - Land to the east of Cox Ley, Hatfield Heath, Essex",pre-app
3364272,61988727,S62A/2025/0101,"S62A/2025/0101/No.7 Belvedere Road, Westbury Park, Bristol, BS6 7JG",NULL
3364562,62035360,S62A/2025/0102,"S62A/2025/0102/87A Redland Road, Redland, Bristol, BS6 6RD",NULL
3364586,62031925,S62A/2025/0103,"S62A/2025/0103/Ground Floor Flat, 6 Gordon Road, Clifton, Bristol, BS8 1AP",NULL
3364589,62049112,S62A/2025/0104,"S62A/2025/0104/4 The Mont, St Andrew's Road, Bristol BS6 5ED",NULL
3365002,62132889,S62A/2025/0105,"S62A/2025/0105/Land to the Rear of 9 Priory Road, Clifton, Bristol, BS8 1PY",NULL
3365009,62132629,S62A/2025/0106,"S62A/2025/0106/Land to the Rear of 6 Tyndalls Park Road, Cotham, Bristol, BS8 1PY",NULL
3365517,62245304,S62A/2025/0107,"S62A/2025/0107/Former Friends School Field, Mount Pleasant Road, Saffron Walden, CB11 3EB",NULL
3365940,62338213,S62A/2025/0108,"S62A/2025/0108/11-13 High Street, Westbury, Bristol City, Bristol BS9 3BF",NULL
3366773,62502509,S62A/2025/0109,"S62A/2025/0109/237/237A Gloucester Road, Bristol, BS7 8NX",NULL
3367512,62667044,S62A/2025/0110,"S62A/2025/0110/7 Redcatch Road, Bristol, BS4 2EP",NULL
3367902,62759342,S62A/2025/0111,"S62A/2025/0111/11-13 Whiteladies Road, Clifton, Bristol, BS8 1PB",NULL
3369181,63074771,S62A/2025/0112,"S62A/2025/0112/66 Church Road, Bristol, BS5 9JY",NULL
3369242,63090056,S62A/2025/0113,"S62A/2025/0113/Chasefield House, 888 Fishponds Road, Bristol BS16 3XB",NULL
3369640,63172228,S62A/2025/0114,"S62A/2025/0114/87 Queenshill Road, Bristol, BS4 2XQ",NULL
3370226,63299694,S62A/2025/0115,"S62A/2025/0115/110-112 The Assembly, East Street, Bedminster, Bristol, BS3 4EY",NULL
3370385,63336577,S62A/2025/0116,"S62A/2025/0116/144 Whitehall Road, Bristol, BS5 9BP",NULL
3370418,63346283,S62A/2025/0117,"S62A/2025/0117/144 Whitehall Road, Bristol, BS5 9BP",NULL
3370511,63357980,S62A/2025/0118,"S62A/2025/0118/11-13 Whiteladies Road, Bristol, BS8 1PB",NULL
3371324,63513649,S62A/2025/0119,"S62A/2025/0119/23 Hillsborough Road, Brislington, Bristol, BS4 3QW",NULL
3372002,63645447,S62A/2025/0120,"S62A/2025/0120/286-292 Wells Road, Bristol, BS4 2PU",NULL
3372455,63711532,S62A/2025/0121,"S62A/2025/0121/land to the rear of No 61 Cotmans Walk, Lockleaze, Bristol",NULL
3372727,63774585,S62A/2025/0122,"S62A/2025/0122/Unit 7 Newbridge Trading Estate, Newbridge Close, St. Anne's, Bristol, BS4 4AX",NULL
3372814,63797785,S62A/2025/0123,"S62A/2025/0123/13 Risdale Road, Ashton, Bristol, BS3 2QU",NULL
3373019,63843192,S62A/2025/0124,"S62A/2025/0124/1-3 High Street, Bristol BS9 3DR",NULL
3373031,63843889,S62A/2025/0125,"S62A/2025/0125/16 Elmgrove Road, Bristol, BS16 2AX",NULL
3373065,63841099,S62A/2025/0126,"S62A/2025/0126/2-5 Highland Square, Clifton, Bristol, BS8 2YB",NULL
3373422,63924674,S62A/2025/0127,"S62A/2025/0127/6-8 Emery Road,  Brislington, Bristol BS4 5PF",NULL
3373427,63926823,S62A/2025/0128,"S62A/2025/0128/6-8 Emery Road,  Brislington, Bristol BS4 5PF",NULL
3373769,63987613,S62A/2025/0129,"S62A/2025/0129/Second Floor Flat, 224 Bath Road, Bristol, BS4 3EQ",NULL
3374024,64046274,S62A/2025/0130,"S62A/2025/0130/2 Merton Drive, Bristol, BS7 8TL",NULL
3374574,64180342,S62A/2025/0131,"S62A/2025/0131/Land on South West side of Strathmore Road, Horfield, Bristol, BS7 9QQ - adjacent to No.13",NULL
3374612,64192138,S62A/2025/0132,"S62A/2025/0132/Cotham School, Cotham Lawn Road, Bristol, BS6 6TD",NULL
3374641,64199315,S62A/2025/0133,"S62A/2025/0133/Stoke Lodge Playing Fields, West Dene, Shirehampton, Bristol, BS9 2BH",NULL
3374771,64238131,S62A/2025/0134,"S62A/2025/0134/11-13 Whiteladies Road, Bristol, BS8 1PB",NULL
3374821,64244897,S62A/2025/0135,"S62A/2025/0135/66 Church Road, Bristol, BS5 9JY",NULL
3374895,64264576,S62A/2025/0136,"S62A/2025/0136/357 Filton Avenue, Horfield, Bristol, BS7 0BD",NULL
3375423,64396048,S62A/2025/0137,"S62A/2025/0137/72-74 Gloucester Road, Bristol, BS7 8BF",NULL
3375478,64409332,S62A/2025/0138,"S62A/2025/0138/26 Sturdon Road, Bristol, BS3 2BA",NULL
3375640,64450979,S62A/2025/0139,"S62A/2025/0139/Castle House, Brentry Avenue, Bristol, BS5 0DL",NULL
3376036,64547079,S62A/2025/0140,"S62A/2025/0140/110 - 112 The assembly, East Street, Bedminster, Bristol, BS3 4EY",NULL
3376150,64575130,S62A/2025/0141,"S62A/2025/0141/16-18 Cherry Lane, Bristol, BS1 3NG",NULL
3376198,64594131,S62A/2025/0142,"S62A/2025/0142/76a Savoy Road, Brislington, Bristol, BS4 3SY",NULL
3376225,64603752,S62A/2025/0143,"S62A/2025/0143/36 Hampton Park, Bristol, BS6 6LH",NULL
3376610,64696447,S62A/2025/0144,"S62A/2025/0144/115 Hampton Road, Redland, Bristol, BS6 6JG",NULL
3376737,64741642,S62A/2025/0145,"S62A/2025/0145/33 Brockworth Cresent, Stapleton, Bristol, BS16 1HQ",NULL
3376738,64740399,S62A/2025/0146,"S62A/2025/0146/33 Brockworth Crescent, Stapleton, Bristol, BS16 1HQ",NULL
3376849,64784160,S62A/2025/0147,"S62A/2025/0147/Land to rear of 372-374 Southmead Road, Bristol, BS10 5LP",NULL
3376904,64797778,S62A/2025/0148,"S62A/2025/0148/The Landing (Ground Floor Cafe), 125 Redcliff Street, Bristol, BA1 6HU",NULL
3377086,64834926,S62A/2025/0149,"S62A/2025/0149/ 703 Fishponds Road, Bristol, BS16 3UH",NULL
3377096,64839260,S62A/2025/0150,"S62A/2025/0150/265-267 Church Road, Bristol, BS5 9HU",NULL
3377128,64848865,S62A/2025/0151,"S62A/2025/0151/15 Sterncourt Road, Stapleton, Bristol, BS16 1LB",NULL
3377230,64905139,S62A/2026/0152,"S62A/2026/0152/Colston Villas, 23 Horfield Road, Bristol BS2 8EA",NULL
3377521,65006133,S62A/2026/0153,"S62A/2026/0153/8 & 8A Durdham Park, Westbury Park, Bristol, BS6 6XA",NULL
3378824,65783528,S62A/2026/0154,"S62A/2026/0154/(pre-app) Land at former Pickfield Nurseries, Pick Hill, Waltham Abbey, EN9 3LD",pre-app
3378852,65813466,S62A/2026/0155,"S62A/2026/0155/(pre-app) Land south west of Stonards Hill, Epping",pre-app