CaseUniqueId,CaseNodeId,CaseReference,ApplicationFeeNotes,ApplicationFeeReceivedDate,RefundPaidDate,ApplicationFeeDue,ApplicationFeeReceived,RefundAmount
3153419,16780598,S62A/2014/0001,NULL,22/04/2014,NULL,26662,26662,NULL
3153433,16784769,S62A/2015/0002,Note need to refund as PINS declined to determine the application,30/09/2015,NULL,4620,4620,4620
3299621,47666450,S62A/2022/0002,NULL,21/04/2022,NULL,"£24,239 ","£24,239 ",NULL
3299677,47687098,S62A/2022/0004,overpaid by £32.20 as portal admin fee included by applicant.  Refund offered.,01/06/2022,NULL,47009,47041.2,NULL
3302145,48186011,S62A/2022/0005,NULL,13/09/2022,NULL,"£6,930 ","£6,930 ",NULL
3302195,48191557,S62A/2022/0006,NULL,29/07/2022,NULL,"£114,767 ","£114,767 ",NULL
3304231,48602178,S62A/2022/0007,NULL,12/08/2022,NULL,"£15,296 ","£15,296 ",NULL
3307113,49206759,S62A/2022/0011,Plant and machinery 76.39 ha,20/10/2022,NULL,"£121,391 ","£121,391 ",NULL
3308111,49419637,S62A/2022/0012,NULL,13/10/2022,NULL,23434,23438,NULL
3308658,49521922,S62A/2022/0013,NULL,NULL,NULL,"£4,996.50 ","£4,996.50 ",NULL
3312130,50231527,S62A/2022/0014,"£19,574 ",NULL,NULL,NULL,"£19,574 ",NULL
3315672,51013116,S62A/2023/0015,NULL,14/02/2023,NULL,"10,626.00","10,626.00",NULL
3319907,51916497,S62A/2023/0016,NULL,NULL,NULL,NULL,18480,NULL
3320120,51968439,S62A/2023/0018,NULL,NULL,NULL,NULL,"4,620",NULL
3324434,52887835,S62A/2023/0019,NULL,NULL,NULL,29207,29.207.00,NULL
3326157,53280239,S62A/2023/0021,NULL,31/07/2023,NULL,38039,38039,NULL
3326935,53448038,S62A/2023/0022,NULL,03/08/2023,NULL,"£112,559.00 ","£112,559.00 ",NULL
3328288,53737478,S62A/2023/0023,NULL,04/10/2023,NULL,"£2,310 ","£2,310 ",NULL
3331210,54383533,S62A/2023/0025,NULL,25/10/2023,NULL,NULL,"£6,468 ",NULL
3331286,54403436,S62A/2023/0026,NULL,NULL,NULL,NULL,"£10,626 ",NULL
3332644,54724677,S62A/2023/0028,NULL,17/11/2023,NULL,"£11,550.00 ","£11,550.00 ",NULL
3334582,55156834,S62A/2023/0030,NULL,10/01/2024,NULL,NULL,8112,NULL
3334584,55155356,S62A/2023/0031,based on pre 6 Dec increase due to application being received on 5 Dec and all valid.,NULL,NULL,"13,916.00","13,916.00",NULL
3336795,55621655,S62A/2024/0032,NULL,NULL,NULL,NULL,5202,NULL
3341247,56606826,S62A/2024/0039,NULL,03/04/2024,NULL,£528 ,528,NULL
3341452,56658251,S62A/2024/0040,NULL,04/04/2024,NULL,578,578,NULL
3343084,57051113,S62A/2024/0041,NULL,01/05/2024,NULL,578,578,NULL
3343736,57194970,S62A/2024/0043,NULL,15/05/2024,00:00.0,578,578,578
3344956,57473948,S62A/2024/0044,NULL,24/06/2024,NULL,578,578,NULL
3345139,57520228,S62A/2024/0045,NULL,20/06/2024,NULL,"£84,056.00 ","£84,056.00 ",NULL
3345559,57611120,S62A/2024/0046,NULL,NULL,NULL,578,578,NULL
3346342,57766416,S62A/2024/0047,NULL,01/07/2024,NULL,£578.00 ,£578.00 ,NULL
3346437,57791244,S62A/2024/0048,NULL,NULL,NULL,£578.00 ,£578.00 ,NULL
3346773,57862549,S62A/2024/0049,NULL,01/07/2024,NULL,"£31,200.00 ","£31,200.00 ",NULL
3346778,57863213,S62A/2024/0050,NULL,28/06/2024,NULL,578,578,NULL
3347363,58009481,S62A/2024/0051,NULL,19/07/2024,NULL,£578 ,£578 ,NULL
3347426,58022819,S62A/2024/0052,28 Insp hours @ £134 per hour,NULL,NULL,NULL,NULL,NULL
3347485,58036703,S62A/2024/0053,NULL,NULL,NULL,293,293,NULL
3347751,58090825,S62A/2024/0054,NULL,NULL,NULL,£578.00 ,£578.00 ,NULL
3347982,58145337,S62A/2024/0055,NULL,26/07/2024,NULL,£293 ,£293 ,NULL
3348339,58221735,S62A/2024/0056,NULL,25/07/2024,NULL,£293 ,£293 ,NULL
3348598,58278364,S62A/2024/0057,NULL,02/08/2024,NULL,"£38,486 ","£38,486 ",NULL
3349259,58416908,S62A/2024/0058,Details of who will pay fee in covering email 1  ,27/08/2024,NULL,"£9,984 ","£9,984 ",NULL
3350786,,S62A/2024/0059,NULL,NULL,NULL,£293.00 ,£293.00 ,NULL
3351146,58828961,S62A/2024/0060,NULL,22/11/2024,NULL,"£2,890.00 ","£2,890.00 ",NULL
3351641,58938529,S62A/2024/0061,NULL,25/09/2024,NULL,£578.00 ,£578.00 ,NULL
3352232,59081192,S62A/2024/0062,NULL,02/10/2024,NULL,£293.00 ,£293.00 ,NULL
3352726,59179698,S62A/2024/0063,NULL,11/10/2024,NULL,£293.00 ,£293.00 ,NULL
3352831,59217545,S62A/2024/0064,NULL,NULL,NULL,£578 ,£578 ,NULL
3353379,59351210,S62A/2024/0065,Other operations category,18/10/2024,NULL,"£1,172 ","£1,172 ",NULL
3353400,59357920,S62A/2024/0066,New dwelling houses category,NULL,NULL,£578 ,£578 ,NULL
3353576,59393215,S62A/2024/0069,NULL,NULL,NULL,£578 ,£578 ,NULL
3354625,59654772,S62A/2024/0070,NULL,12/11/2024,NULL,"£2,890.00 ","£2,890.00 ",NULL
3354954,59734769,S62A/2024/0071,NULL,18/11/2024,NULL,£293.00 ,£293.00 ,NULL
3354970,59737373,S62A/2024/0072,NULL,18/11/2024,NULL,£578.00 ,£578.00 ,NULL
3356346,60055854,S62A/2024/0073,NULL,12/12/2024,NULL,"£1,465.00 ","£1,465.00 ",NULL
3357271,60267979,S62A/2024/0074,pre-app fee 37.25 hours,NULL,NULL,"£4,991.50 ","£4,991.50 ",NULL
3357844,60418105,S62A/2024/0075,NULL,20/01/2025,NULL,"£31,790.00 ","£31,790.00 ",NULL
3358488,60575261,S62A/2025/0076,NULL,NULL,NULL,"£5,202.00 ","£5,202.00 ",NULL
3358911,60670811,S62A/2025/0077,NULL,12/02/2025,NULL,"£17,472.00 ","£17,472.00 ",NULL
3359892,60912700,S62A/2025/0078,NULL,NULL,NULL,258,258,NULL
3359924,60920269,S62A/2025/0079,NULL,12/02/2025,NULL,£578.00 ,£578.00 ,NULL
3360113,60971760,S62A/2025/0080,NULL,24/02/2025,NULL,£578.00 ,£578.00 ,NULL
3360292,61010473,S62A/2025/0081,NULL,20/02/2025,NULL,£578.00 ,£578.00 ,NULL
3360299,61009201,S62A/2025/0082,NULL,19/02/2025,NULL,"£5,202.00 ","£5,202.00 ",NULL
3360501,61058539,S62A/2025/0084,NULL,21/02/2025,NULL,£578.00 ,£578.00 ,NULL
3360671,61099991,S62A/2025/0085,NULL,03/03/2025,NULL,"£2,312.00 ","£2,312.00 ",NULL
3360801,61126851,S62A/2025/0086,16.5 hours @ £134,NULL,NULL,"£2,211.00 ","£2,211.00 ",NULL
3361110,61205830,S62A/2025/0087,NULL,20/03/2025,NULL,"£2,890.00 ","£2,890.00 ",NULL
3361117,61207413,S62A/2025/0088,NULL,07/03/2025,NULL,£578.00 ,£578.00 ,NULL
3361506,61294696,S62A/2025/0090,NULL,10/03/2025,NULL,"£3,468.00 ","£3,468.00 ",NULL
3361514,61295483,S62A/2025/0091,NULL,07/03/2025,NULL,£578.00 ,£578.00 ,NULL
3361610,61324081,S62A/2025/0092,NULL,21/03/2025,NULL,£578.00 ,£578.00 ,NULL
3361740,61359380,S62A/2025/0093,NULL,NULL,NULL,£578.00 ,£578.00 ,NULL
3361741,61358613,S62A/2025/0094,NULL,18/03/2025,NULL,£293.00 ,£293.00 ,NULL
3362717,61617805,S62A/2025/0096,NULL,02/04/2025,NULL,£578.00 ,£578.00 ,NULL
3362803,61622904,S62A/2025/0097,NULL,01/04/2025,NULL,£578.00 ,£578.00 ,NULL
3363190,61727890,S62A/2025/0099,NULL,NULL,NULL,"£2,535.00 ","£2,535.00 ",NULL
3364272,61988727,S62A/2025/0101,NULL,29/04/2025,NULL,£588.00 ,£588.00 ,NULL
3364562,62035360,S62A/2025/0102,NULL,NULL,NULL,588,588,NULL
3364586,62031925,S62A/2025/0103,NULL,06/05/2025,NULL,588,588,NULL
3364589,62049112,S62A/2025/0104,NULL,12/05/2025,NULL,£588.00 ,£588.00 ,NULL
3365002,62132889,S62A/2025/0105,NULL,13/05/2025,NULL,£588.00 ,£588.00 ,NULL
3365009,62132629,S62A/2025/0106,NULL,13/05/2025,NULL,£588.00 ,£588.00 ,NULL
3365517,62245304,S62A/2025/0107,New dwellinghouses x 75  Erection of buildings x 427 sq metres,27/05/2025,NULL,"£39,638.00 ","£39,638.00 ",NULL
3365940,62338213,S62A/2025/0108,NULL,02/06/2025,NULL,£588.00 ,£588.00 ,NULL
3366773,,S62A/2025/0109,material change of use,10/06/2025,NULL,588,£588.00 ,NULL
3367512,62667044,S62A/2025/0110,NULL,26/06/2025,NULL,£588.00 ,£588.00 ,NULL
3367902,62759342,S62A/2025/0111,NULL,01/07/2025,NULL,"£2,940.00 ","£2,940.00 ",NULL
3369181,63074771,S62A/2025/0112,NULL,23/07/2025,NULL,"£5,292.00 ","£5,292.00 ",NULL
3369242,63090056,S62A/2025/0113,NULL,NULL,NULL,"£1,176.00 ","£1,176.00 ",NULL
3369640,63172228,S62A/2025/0114,NULL,04/08/2025,NULL,£588.00 ,£588.00 ,NULL
3370226,63299694,S62A/2025/0115,NULL,12/08/2025,NULL,£588.00 ,£588.00 ,NULL
3370385,63336577,S62A/2025/0116,NULL,12/08/2025,NULL,£588.00 ,£588.00 ,NULL
3370418,63346283,S62A/2025/0117,NULL,12/08/2025,NULL,"£1,176.00 ","£1,176.00 ",NULL
3370511,63357980,S62A/2025/0118,NULL,20/08/2025,NULL,£588.00 ,£588.00 ,NULL
3371324,63513649,S62A/2025/0119,NULL,26/09/2025,NULL,£298.00 ,£298.00 ,NULL
3372002,63645447,S62A/2025/0120,NULL,10/09/2025,NULL,"£5,292.00 ","£5,292.00 ",NULL
3372455,63711532,S62A/2025/0121,NULL,12/09/2025,NULL,£588.00 ,£588.00 ,NULL
3372727,63774585,S62A/2025/0122,Case withdrawn,NULL,NULL,£588.00 ,£588.00 ,£588.00 
3372814,63797785,S62A/2025/0123,NULL,25/09/2025,NULL,£588.00 ,£588.00 ,NULL
3373019,63843192,S62A/2025/0124,NULL,NULL,NULL,"£1,176.00 ","£1,176.00 ",NULL
3373031,63843889,S62A/2025/0125,NULL,23/10/2025,NULL,£588.00 ,£588.00 ,NULL
3373065,63841099,S62A/2025/0126,NULL,25/09/2025,NULL,"£2,352.00 ","£2,352.00 ",NULL
3373422,63924674,S62A/2025/0127,NULL,02/10/2025,NULL,"£4,704.00 ","£4,704.00 ",NULL
3373769,63987613,S62A/2025/0129,NULL,NULL,NULL,£588.00 ,£588.00 ,NULL
3374024,64046274,S62A/2025/0130,NULL,29/10/2025,NULL,£588.00 ,£588.00 ,NULL
3374574,64180342,S62A/2025/0131,NULL,07/11/2025,NULL,£588.00 ,£588.00 ,NULL
3374612,64192138,S62A/2025/0132,NULL,03/11/2025,NULL,"£2,086.00 ","£2,086.00 ",NULL
3374641,64199315,S62A/2025/0133,NULL,05/11/2025,NULL,£298.00 ,£298.00 ,NULL
3374771,64238131,S62A/2025/0134,NULL,NULL,NULL,"£2,940.00 ","£2,940.00 ",NULL
3374821,64244897,S62A/2025/0135,NULL,14/11/2025,NULL,"£5,292.00 ","£5,292.00 ",NULL
3374895,64264576,S62A/2025/0136,NULL,NULL,NULL,£588.00 ,£588.00 ,NULL
3375478,64409332,S62A/2025/0138,NULL,20/11/2025,NULL,£588.00 ,£588.00 ,NULL
3375640,64450979,S62A/2025/0139,NULL,03/12/2025,NULL,"£4,704.00 ","£4,704.00 ",NULL
3376036,64547079,S62A/2025/0140,NULL,08/12/2025,NULL,£588.00 ,£588.00 ,NULL
3376150,64575130,S62A/2025/0141,NULL,NULL,NULL,£588.00 ,£588.00 ,NULL
3376198,64594131,S62A/2025/0142,NULL,05/12/2025,NULL,£588.00 ,£588.00 ,NULL
3376225,64603752,S62A/2025/0143,NULL,03/12/2025,NULL,£588.00 ,£588.00 ,NULL
3376610,64696447,S62A/2025/0144,NULL,NULL,NULL,£588.00 ,£588.00 ,NULL
3376737,64741642,S62A/2025/0145,NULL,05/01/2026,NULL,£588.00 ,£588.00 ,NULL
3376904,64797778,S62A/2025/0148,NULL,13/01/2026,NULL,£298.00 ,£298.00 ,NULL
3377086,64834926,S62A/2025/0149,NULL,12/01/2026,NULL,£588.00 ,£588.00 ,NULL
3377096,64839260,S62A/2025/0150,NULL,NULL,NULL,£588.00 ,£588.00 ,NULL
3377128,64848865,S62A/2025/0151,NULL,13/01/2026,NULL,£588.00 ,£588.00 ,NULL
3377230,64905139,S62A/2026/0152,NULL,28/01/2026,NULL,£588.00 ,£588.00 ,NULL
3377128,64848865,S62A/2025/0151,NULL,13/01/2026,NULL,£588.00 ,£588.00 ,NULL
3377230,64905139,S62A/2026/0152,NULL,28/01/2026,NULL,£588.00 ,£588.00 ,NULL