CaseUniqueId,CaseNodeId,CaseReference,ApplicationDescription,ApplicationNumber,ApplicationType,ApplicationValidated,LPACode,LPACrossReference,LPAName,PermissionSought,PreApplicationAdviceGiven,Procedure,Status
3153419,16780598,S62A/2014/0001,"Ouline planning application with access only. Proposed construction of up to 220 new dwellings (use class C3) and school drop off/pick up zone, with access and associated infrastructure.",S62A/2014/0001,Dwellings Numbering 10 or More,Yes,NULL,NULL,NULL,Outline planning permission with some matters reserved,Yes by PINS,NULL,Decided
3153433,16784769,S62A/2015/0002,Temporary planning permission for the retention of the buildings known as the “Chiller” building and the “Link” building at Seafield Farm for Class B8 Storage and Distribution use until October 2016 ,S62A/2015/0002,Buildings Over 1000 SqM,No,NULL,NULL,NULL,Planning permission,No,NULL,New
3217499,30019296,S62A/2018/0001,NULL,S62A/2018/0001,NULL,No,NULL,NULL,NULL,NULL,No,NULL,NULL
3299621,47666450,S62A/2022/0002,"Conversion of buildings and demolition of buildings to allow redevelopment to provide 96 dwellings, swimming pool and changing facilities, associated recreation facilities, access and landscaping.",S62A/2022/0002,Dwellings numbering 10 or more,Yes,C1570,UTT/22/1040/PINS,Uttlesford District Council,Planning permission,No,Hearing,Consultation period open
3299676,47687427,S62A/2022/0003,NULL,S62A/2022/0003,NULL,No,NULL,NULL,NULL,NULL,No,NULL,Closed - Opened in Error
3299677,47687098,S62A/2022/0004,"The erection of a 14.3 MW solar photovoltaic farm with associated access tracks, landscaping, supplementary battery storage, and associated infrastructure.",S62A/2022/0004,Other (Major Development),Yes,C1570,UTT/22/1474/PINS,Uttlesford District Council,Planning permission,No,Hearing,Decided
3302145,48186011,S62A/2022/0005,Full planning application proposing the erection of 15 new dwellings,S62A/2022/0005,Dwellings numbering 10 or more,No,C1570,UTT/22/1897/PINS,Uttlesford District Council,Planning permission,No,Written representations,Consultation period open
3302195,48191557,S62A/2022/0006,"Development of a ground mounted solar farm with a generation capacity of up to 49.99MW, together with associated infrastructure and landscaping.",S62A/2022/0006,Other (Major Development),Yes,C1570,UTT/22/2046/PINS,Uttlesford District Council,Planning permission,No,Hearing,Consultation period open
3304231,48602178,S62A/2022/0007,"Residential development comprising 130 dwellings, together with a new vehicular access from Henham Road, public open space, landscaping and associated highways, drainage and other infrastructure works (all matters reserved for subsequent approval apart from the primary means of access, on land to the south of Henham Road, Elsenham)",S62A/2022/0007,Dwellings numbering 10 or more,No,C1570,UTT/22/2174/PINS ,Uttlesford District Council,Outline planning permission with some matters reserved,No,Hearing,Consultation period open
3304712,48694926,S62A/2022/0008,"Installation and operation of a Solar Farm facility together with all associated works, 
equipment and necessary infrastructure (49.99 MW)",S62A/2022/0008,NULL,No,C1570,NULL,Uttlesford District Council,NULL,No,Written representations,Pre-Application
3304713,48695239,S62A/2022/0009,"Installation and operation of a Solar Farm facility together with all associated works, equipment and necessary infrastructure (49.99MW)",S62A/2022/0009,NULL,No,C1570,NULL,Uttlesford District Council,NULL,No,Written representations,Pre-Application
3306318,49053582,S62A/2022/0010,proposed development of up to 10 residential dwellings ,S62A/2022/0010,Dwellings numbering 10 or more,No,C1570,NULL,Uttlesford District Council,NULL,No,Written representations,Pre-Application
3307113,49206759,S62A/2022/0011,"Construction and operation of a solar farm comprising ground mounted solar photovoltaic (PV) arrays and battery storage together with associated development, including inverter cabins, DNO substation, customer switchgear, access, fencing, CCTV cameras and landscaping",S62A/2022/0011,Other (Major Development),No,C1570,NULL,Uttlesford District Council,Planning permission,No,Written representations,Decided
3308111,49419637,S62A/2022/0012,"Outline Planning Application with all matters Reserved except for the Primary means of access for the development of up to 200 residential dwellings along with landscaping, public open space and associated infrastructure works. ",S62A/2022/0012,Dwellings numbering 10 or more,Yes,C1570,UTT/22/2760/PINS,Uttlesford District Council,Outline planning permission with some matters reserved,No,Hearing,Consultation period open
3308658,49521922,S62A/2022/0013,"Residential development comprising 59 dwellings (of which 40% will be affordable dwellings), with public open space ncorporating a trim trail, and associated infrastructure",S62A/2022/0013,NULL,No,C1570,UTT/22/2853/PA,Uttlesford District Council,NULL,Yes by PINS,Written representations,Pre-Application
3312130,50231527,S62A/2022/0014,"Outline application for the erection of up to 170 dwellings with access from Thaxted Road with all other matters reserved.  (Original description was ""The erection of up to 170 dwellings, associated landscaping and open space with access from Thaxted Road"")",S62A/2022/0014,Dwellings numbering 10 or more,No,C1570,UTT/22/3258/PINS,Uttlesford District Council,Outline planning permission with some matters reserved,Yes by LPA,Hearing,Decided
3315672,51013116,S62A/2023/0015,"Application for outline planning permission for the erection of 18 dwellings including provision of access road, car parking and residential amenity space, a drainage pond, and communal open space, with all matters reserved for subsequent approval except for means of access and layout.",S62A/2023/0015,Dwellings numbering 10 or more,No,C1570,UTT/23/0246/PINS,Uttlesford District Council,Outline planning permission with some matters reserved,No,Written representations,Application being assessed
3319907,51916497,S62A/2023/0016,"Erection of 40no. dwellings, including open space landscaping and associated infrastructure.
",S62A/2023/0016,Dwellings numbering 10 or more,No,C1570,UTT/23/0902/PINS,Uttlesford District Council,Planning permission,No,Hearing,New
3319999,51937925,S62A/2023/0017,Development of the site to create an open logistics facility with associated new access and ancillary office and amenity facilities,S62A/2023/0017,Other (Major Development),No,C1570,UTT/23/0950/PINS,Uttlesford District Council,Planning permission,No,Hearing,Hearing date set
3320120,51968439,S62A/2023/0018,"The development of up to 31 no residential dwellings with all matters reserved for subsequent approval, except for vehicular access from Pines Hill which is submitted in detail.",S62A/2023/0018,Dwellings numbering 10 or more,No,C1570,UTT/23/0966/PINS,Uttlesford District Council,Outline planning permission with some matters reserved,No,Written representations,New
3324434,52887835,S62A/2023/0019,"Access to/from Parsonage Road between Weston Group Business Centre and Innovation Centre buildings leading to: 96 dwellings on Bulls Field, south of Prior’s Wood, including associated parking, landscaping, public open space, land for the expansion of Roseacres Primary School, pedestrian and cycle routes to Smiths Green Lane together with associated infrastructure",S62A/2023/0019,Dwellings numbering 10 or more,No,C1570,UTT/23/1583/PINS,Uttlesford District Council,Planning permission,No,Hearing,Hearing date set
3325259,53087260,S62A/2023/0020,"Partial demolition of the existing Track Transit System, full demolition of 2 no. skylink walkways and the bus-gate building; construction of extension to existing passenger terminal, new Domestic Reclaim Building, new energy centre, 3 no. new skylink walkways and associated hardstanding.",S62A/2023/0020,NULL,No,C1570,NULL,Uttlesford District Council,NULL,No,NULL,Withdrawn
3326157,53280239,S62A/2023/0021,"Application for the approval of reserved matters for appearance, landscaping, layout and scale for 160 dwellings and a countryside park pursuant to conditions 1 and 2 of outline planning permission UTT/21/3596/OP",S62A/2023/0021,Dwellings numbering 10 or more,No,C1570,UTT/23/1848/PINS,Uttlesford District Council,Approval of reserved matters following outline approval,No,Hearing,Hearing date set
3326935,53448038,S62A/2023/0022,"Partial demolition of the existing Track Transit System and full demolition of 2 no. skylink walkways and the bus-gate building.  Construction of a 3-bay extension to the existing passenger building, baggage handling building, plant enclosure and 3 no. skylink walkways and associated hardstanding.",S62A/2023/0022,Other (Major Development),No,C1570,UTT/23/1970/PINS,Uttlesford District Council,Planning permission,No,Hearing,Decided
3328288,53737478,S62A/2023/0023,Erection of 5 residential dwellings and associated infrastructure,S62A/2023/0023,Dwellings of 0.5 hectare or more,No,C1570,UTT/23/2193/PINS,Uttlesford District Council,Planning permission,No,Hearing,Consultation period open
3329554,54018500,S62A/2023/0024,"Residential led development for ‘build to rent’ accommodation, with wider community facilities within the village centre of Rickling Green. The proposals seek to provide up to 110 dwellings, a recreational facilities and other associated community facilities",S62A/2023/0024,NULL,No,C1570,NULL,Uttlesford District Council,NULL,No,NULL,New
3331210,54383533,S62A/2023/0025,"Outline planning application with all matters reserved except access for up to 28 dwellings (class C3) including public open space, sustainable drainage systems, landscaping and associated infrastructure and development",S62A/2023/0025,Dwellings numbering 10 or more,No,C1570,UTT/23/2616/PINS,Uttlesford District Council,Outline planning permission with some matters reserved,No,Hearing,Consultation period open
3331286,54403436,S62A/2023/0026,Outline application for the erection of up to 40 dwellings with all matters reserved except for access,S62A/2023/0026,Dwellings numbering 10 or more,No,C1570,UTT/23/2622/PINS,Uttlesford District Council,Outline planning permission with some matters reserved,No,Hearing,Decided
3331617,54474698,S62A/2023/0027,"Erection of 40no. dwellings, including open space landscaping and associated infrastructure",S62A/2023/0027,Dwellings numbering 10 or more,No,C1570,UTT/23/2682/PINS,Uttlesford District Council,Planning permission,No,Hearing,Validation
3332644,54724677,S62A/2023/0028,Construction of up to 50 dwellings (Use Class C3) and associated access and bus stops with all matters reserved apart from access.,S62A/2023/0028,Dwellings numbering 10 or more,No,C1570,UTT/23/2810/PINS,Uttlesford District Council,Outline planning permission with some matters reserved,No,Written representations,Consultation period open
3334060,55047106,S62A/2023/0029,Erection of solar tracker and associated landscaping,S62A/2023/0029,Development of a site above 1 hectare,No,C1570,NULL,Uttlesford District Council,Planning permission,No,NULL,Withdrawn
3334582,55156834,S62A/2023/0030,"Outline application with all matters reserved except access for up to 28 dwellings (class C3) including public open space, sustainable drainage systems, landscaping and associated infrastructure.",S62A/2023/0030,Dwellings numbering 10 or more,Yes,C1570,UTT/23/3113/PINS,Uttlesford District Council,Outline planning permission with some matters reserved,No,Hearing,Decided
3334584,55155356,S62A/2023/0031,"The erection of up to 55 dwellings, associated landscaping and open space, with access from Knight Park",S62A/2023/0031,Dwellings numbering 10 or more,No,C1570,UTT/23/3112/PINS,Uttlesford District Council,Outline planning permission with some matters reserved,No,Written representations,Consultation period open
3336795,55621655,S62A/2024/0032,"The demolition of 12 no. existing outbuildings / structures, the conversion and restoration of 8 no. existing buildings to form 8 no. holiday cottages and 1 no. dwelling, the construction of 3 no. single storey dwellings. The creation of a pedestrian and cycle link path at Land To The West Of Mill Lane Hatfield Heath",S62A/2024/0032,Dwellings numbering 10 or more,No,C1570,UTT/24/0103/PINS,Uttlesford District Council,Planning permission,No,Hearing,Hearing date set
3338453,55991839,S62A/2024/0033,"Erection of a Solar Photovoltaic Farm with an output capacity not to exceed 14.9MW of energy, with supporting infrastructure and battery storage, inverters and transformers, fencing and landscaping works",S62A/2024/0033,NULL,No,C1570,UTT/24/0542/PE,Uttlesford District Council,NULL,No,NULL,Pre-Application
3340881,56525542,S62A/2024/0034,"Upgrade the 3rd & 4th floors to comply with building regulations. The alterations to the listed building include upgrading of internal walls, floors, windows and doors. Changes have been proposed to the floor plans to reduce travel distances and a lift has been proposed.

Updated Description - 9 April 2024
A change of use to the 3rd & 4th floor from a hostel to a hotel. The 3rd and 4th floor will be upgraded to comply with building regulations. The alterations to the listed building include the upgrade of walls, floors, windows and doors. Installation of a lift and air con units. As well as layout changes to reduce travel distances.",S62A/2024/0034,Listed building consent to alter/extend,No,Z0116,24/01278/PINS,Bristol City Council,"Planning permission and listed building consent for alterations, extension or demolition of a listed building",No,Written representations,Consultation period open
3341124,56582935,S62A/2024/0035,Proposed erection of residential dwellings on land serving Canfield Moat,S62A/2024/0035,Dwellings of 0.5 hectare or more,No,C1570,NULL,Uttlesford District Council,NULL,No,NULL,NULL
3341246,56607516,S62A/2024/0038,NULL,NULL,NULL,No,NULL,NULL,NULL,NULL,No,NULL,NULL
3341247,56606826,S62A/2024/0039,"Change of use to Small HMO

PINS - 'change of use of dwelling to House in Multiple Occupation for up to 6 persons'",S62A/2024/0039,Change of use,No,Z0116,24/01285/PINS,Bristol City Council,Planning permission,No,Written representations,Application being assessed
3341452,56658251,S62A/2024/0040,Installation of tensile stretch tent with associated minor hard and soft landscaping works,S62A/2024/0040,Development of a site less than 1 hectare,No,Z0116,24/01308/PINS,Bristol City Council,Planning permission,No,Written representations,Application being assessed
3343084,57051113,S62A/2024/0041,"Change of use from a dwellinghouse used by a single person or household (C3a) to a large dwellinghouse in multiple occupation (sui generis) for seven people, including the erection of a rear roof extension, 2no, rooflights and a single storey rear extension.",S62A/2024/0041,Change of use,No,Z0116,24/01621/PINS,Bristol City Council,Planning permission,No,Written representations,Application being assessed
3343222,57077269,S62A/2024/0042,"Upgrade the 3rd & 4th floors to comply with building regulations. The alterations to the listed building include upgrading of internal walls, floors, windows and doors. Changes have been proposed to the floor plans to reduce travel distances and a lift has been proposed.

Updated Description - 9 April 2024
A change of use to the 3rd & 4th floor from a hostel to a hotel. The 3rd and 4th floor will be upgraded to comply with building regulations. The alterations to the listed building include the upgrade of walls, floors, windows and doors. Installation of a lift and air con units. As well as layout changes to reduce travel distances.",S62A/2024/0042,Listed building consent to alter/extend,No,Z0116,NULL,Bristol City Council,"Planning permission and listed building consent for alterations, extension or demolition of a listed building",No,Written representations,Withdrawn
3343736,57194970,S62A/2024/0043,"Change of use from a residential dwelling (C3a) to a small house in multiple occupation (C4) for 3-6 people, including the erection of a rear roof extension and single storey rear extension.",S62A/2024/0043,Change of use,No,Z0116,24/01829/PINS,Bristol City Council,Planning permission,No,NULL,Declined to determine
3344956,57473948,S62A/2024/0044,"Erection of a two-storey side extension comprising 1no self-contained dwellinghouse

Updated description 14/06
Demolition of existing conservatory and erection of two-storey dwellinghouse with associated works",S62A/2024/0044,Dwellings of less than 0.5 hectare,No,Z0116,24/02222/PINS,Bristol City Council,Planning permission,No,Written representations,Validation
3345139,57520228,S62A/2024/0045,"Erection of a Solar Photovoltaic Farm with supporting infrastructure and battery storage, inverters and transformers, fencing, landscaping works and connecting cable.",S62A/2024/0045,Other (Major Development),No,C1570,UTT/24/1417/PINS,Uttlesford District Council,Planning permission,No,Hearing,Validation
3345559,57611120,S62A/2024/0046,Demolition of existing dwellings and construction of a replacement five bedroom house including attic accommodation & soft landscaping,S62A/2024/0046,Dwellings numbering between 1 and 9,No,B1930,5/2024/0950,St Albans City Council,Planning permission,No,Written representations,Decided
3346342,57766416,S62A/2024/0047,Change of use of part of the ground floor commercial space to purpose-built student accommodation and external alterations,S62A/2024/0047,Change of use,No,Z0116,24/02416/PINS,Bristol City Council,Planning permission,No,Written representations,Validation
3346437,57791244,S62A/2024/0048,Demolition of existing 4 bedroom house and outbuildings. Construction of replacement 4 bedroom house and double garage,S62A/2024/0048,Dwellings numbering between 1 and 9,No,B1930,5/2024/1062,St Albans City Council,Planning permission,No,Written representations,Validation
3346773,57862549,S62A/2024/0049,"Up to 50 market and affordable dwellings, public open space and associated highways and drainage
infrastructure - all matters reserved except access",S62A/2024/0049,Dwellings numbering 10 or more,No,C1570,UTT/24/1618/PINS,Uttlesford District Council,Approval of reserved matters following outline approval,No,Written representations,Consultation period open
3346778,57863213,S62A/2024/0050,"Change of use from a small dwellinghouse in multiple occupation for 3-6 people (C4), to a large dwellinghouse in multiple occupation (sui generis) for eight people.

Amended 1 July 2024 to

Change of use from a small dwellinghouse in multiple occupation for 3-6 people (C4), to a large dwellinghouse in multiple occupation (sui generis) for eight people, including erection of refuse, recycling and cycle stores, and minor demolition and external alterations to detached garage to facilitate use as habitable accommodation.",S62A/2024/0050,Change of use,No,Z0116,24/02509/PINS,Bristol City Council,Planning permission,No,Written representations,Validation
3347363,58009481,S62A/2024/0051,Erection of 168 dwellings with associated landscaping and parking.,S62A/2024/0051,Dwellings numbering 10 or more,No,C1570,UTT/24/1732/PINS,Uttlesford District Council,Approval of reserved matters following outline approval,No,Written representations,Consultation period open
3347426,58022819,S62A/2024/0052,"Outline planning application (with all matters reserved except for access) for the demolition of an existing residential property and erection of up to 34 residential dwellings including affordable housing with the provision of access onto
Harrisons Lane and pedestrian and cycle access onto Potato Lane alongside public open spaces, biodiversity enhancement, sustainable urban drainage systems, landscaping, infrastructure, and earthworks",S62A/2024/0052,Dwellings numbering 10 or more,No,P1425,PREAPP/24/0082,Lewes District Council,Outline planning permission with all matters reserved,No,NULL,Pre-Application
3347485,58036703,S62A/2024/0053,"Detailed planning application for use of part of the roof area as an outdoor terrace, comprising the provision of a metal canopy frame with retractable sun shade, glass balustrade and acoustic screen and provision of biodiverse green roof to part of roof top plant room.",S62A/2024/0053,Other (Non-Major Development),No,Z0116,24/02698/PINS ,Bristol City Council,Planning permission,No,Written representations,Application being assessed
3347751,58090825,S62A/2024/0054,"Part demolition of existing two storey extension to 38 Briar Road, St Albans and creation of new building plot adjacent. Creation of new 3 bedroom two storey dwelling & new pedestrian crossover.",S62A/2024/0054,Dwellings numbering between 1 and 9,No,B1930,5/2024/1221,St Albans City Council,Planning permission,No,Written representations,New
3347982,58145337,S62A/2024/0055,"Use of external balcony area for additional office space involving installation of decking, balustrade and side partition screen.",S62A/2024/0055,Other (Non-Major Development),No,Z0116,24/02797/PINS,Bristol City Council,Planning permission,No,Written representations,Consultation period open
3348339,58221735,S62A/2024/0056,External Alterations to existing building,S62A/2024/0056,Other (Non-Major Development),No,Z0116,24/02799/PINS,Bristol City Council,Planning permission,No,Written representations,Consultation period open
3348598,58278364,S62A/2024/0057,Erection of 91no. dwellings with associated infrastructure and landscaping. Provision of playing field and associated clubhouse.,S62A/2024/0057,Dwellings numbering 10 or more,No,C1570,UTT/24/1898/PINS,Uttlesford District Council,Planning permission,No,Written representations,Consultation period open
3349259,58416908,S62A/2024/0058,Construction of 16 dwellings including 40% affordable housing and associated infrastructure at Land East of Ugley Village Hall,S62A/2024/0058,Dwellings numbering 10 or more,No,C1570,UTT/24/1958/PINS,Uttlesford District Council,Planning permission,No,Written representations,Consultation period open
3350786,58755851,S62A/2024/0059,Installation of vehicle charging points and associated infrastructure and associated works,S62A/2024/0059,Other (Non-Major Development),No,Z0116,24/03413/PINS,Bristol City Council,Planning permission,No,Written representations,Validation
3351146,58828961,S62A/2024/0060,"Demolition of 2no. bungalow and the construction of 5no. four bedroom houses, with associated external works",S62A/2024/0060,Dwellings numbering between 1 and 9,No,B1930,5/2024/1530,St Albans City Council,Planning permission,No,Written representations,Validation
3351641,58938529,S62A/2024/0061,"Change of use from a small dwellinghouse in multiple occupation for 3-6 people (C4), to a large dwellinghouse in multiple occupation (sui generis) for seven people, including erection of refuse and recycling stores.",S62A/2024/0061,Development of a site less than 1 hectare,No,Z0116,24/03623/PINS,Bristol City Council,Planning permission,No,Written representations,Consultation period open
3352232,59081192,S62A/2024/0062,External alterations comprising the removal of the tower corner feature & changes to part of the roof parapet with replacement cladding & glazing alterations forming extended shopfront glazing & entrances.,S62A/2024/0062,Development of a site less than 1 hectare,No,Z0116,24/03763/PINS,Bristol City Council,Planning permission,No,Written representations,Validation
3352726,59179698,S62A/2024/0063,Works to install 3no. CCTV poles and cameras,S62A/2024/0063,Other (Non-Major Development),No,Z0116,24/03843/PINS,Bristol City Council,Planning permission,No,Written representations,Application being assessed
3352831,59217545,S62A/2024/0064,Demolition of an existing conservatory and the erection of a two-storey dwellinghouse with associated works,S62A/2024/0064,Dwellings of less than 0.5 hectare,No,Z0116,24/03891/PINS,Bristol City Council,Planning permission,No,Written representations,New
3353379,59351210,S62A/2024/0065,"Installation of replacement windows, doors and curtain walling.",S62A/2024/0065,Other (Non-Major Development),No,Z0116,24/04013/PINS,Bristol City Council,Planning permission,No,Written representations,Decided
3353400,59357920,S62A/2024/0066,Proposed demolition of existing dwelling and erection of replacement dwelling,S62A/2024/0066,Dwellings numbering between 1 and 9,No,Z0116,24/04103/PINS,Bristol City Council,Planning permission,No,NULL,Validation
3353576,59393215,S62A/2024/0069,"Change of use from offices/clinic (Class E) to 8-bed House in Multiple Occupation (sui generis). Infill extension and external alterations including replacement windows to front and rear.
",S62A/2024/0069,Change of use,Yes,Z0116,24/04121/PINS,Bristol City Council,Planning permission,No,Written representations,New
3354625,59654772,S62A/2024/0070,"Erection of extension to the existing club to extend internal spa facilities and the installation of a spa garden which includes a sauna, plant room and store, the creation of additional parking spaces and associated works.",S62A/2024/0070,Development of a site less than 1 hectare,No,Z0116,24/04400/PINS,Bristol City Council,Planning permission,No,Written representations,Validation
3354954,59734769,S62A/2024/0071,"Provision of an additional bedroom within an existing 7-bed House in Multiple Occupation, to create an 8-bed HMO",S62A/2024/0071,Other (Non-Major Development),No,Z0116,24/04448/PINS,Bristol City Council,Planning permission,No,Written representations,New
3354970,59737373,S62A/2024/0072,Proposed self-build dwelling and associated works,S62A/2024/0072,Dwellings numbering between 1 and 9,No,Z0116,24/04484/PINS,Bristol City Council,Planning permission,No,Written representations,Consultation period open
3356346,60055854,S62A/2024/0073,"Installation of portal entrance feature, seating, landscaping and planting, along with replacement build-up and ductwork to roof and floor finished to balconies",S62A/2024/0073,Development of a site less than 1 hectare,No,Z0116,24/04773/PINS,Bristol City Council,Planning permission,No,Written representations,New
3357271,60267979,S62A/2024/0074,"Demolition of the former school buildings and redevelopment of the site to provide a new 70-bedroom specialist dementia care home (Use Class C2), 30 dwellings (Use Class C3) together with associated access, car parking, open space and landscaping.",S62A/2024/0074,Dwellings numbering 10 or more,No,P1425,NULL,Lewes District Council,Planning permission,No,NULL,Pre-Application
3357844,60418105,S62A/2024/0075,"Reserved matters (appearance, landscaping, layout and scale); pursuant to outline planning permission ref: S62A/2023/0031 for the erection of up to 55 dwellings, associated landscaping and open space, with access from Knight Park.",S62A/2024/0075,Dwellings numbering 10 or more,No,C1570,UTT/25/0101/PINS,Uttlesford District Council,Approval of reserved matters following outline approval,No,Written representations,Application being assessed
3358488,60575261,S62A/2025/0076,"Erection of eco-village comprising 9 dwellings and community hub with associated access, parking and landscaping.",S62A/2025/0076,Dwellings numbering between 1 and 9,No,B1930,5/2025/0068,St Albans City Council,Planning permission,No,Written representations,Validation
3358911,60670811,S62A/2025/0077,Erection of 28 residential dwellings (comprising 14 affordable & 11 private market homes together with 3 self-build plots); provision of public open space and associated local amenity facilities (activating Local Green Space allocation); together with integrated landscaping and car parking (to include additional community parking facility),S62A/2025/0077,Dwellings numbering 10 or more,No,C1570,UTT/25/0151/PINS,Uttlesford District Council,Planning permission,No,Written representations,Application being assessed
3359892,60912700,S62A/2025/0078,Erection of rear dormer to facilitate loft conversion (c3),S62A/2025/0078,Other (Non-Major Development),No,Z0116,25/10513/PINS,Bristol City Council,Planning permission,No,NULL,Validation
3359924,60920269,S62A/2025/0079,"Outline application for the erection of a six-storey building comprising 9 no. self-contained flats (Access, Layout, Scale, and Appearance to be determined)",S62A/2025/0079,Dwellings numbering between 1 and 9,Yes,Z0116,25/10551/PINS,Bristol City Council,Outline planning permission with some matters reserved,No,Written representations,Decided
3360113,60971760,S62A/2025/0080,Erection of single storey rear extension at lower ground level and conversion of property from a 13-bedroom House in Multiple Occupation (HMO) to a 3-bedroom HMO at lower ground level; a 2-bedroom flat at ground floor and a 7-bedroom HMO at first and second floor,S62A/2025/0080,Dwellings of less than 0.5 hectare,No,Z0116,25/10650/PINS,Bristol City Council,Planning permission,No,Written representations,Application being assessed
3360292,61010473,S62A/2025/0081,"Change of use from a dwellinghouse used by a single person or household (Use Class C3a) to a small dwellinghouse in multiple occupation (Use Class C4), including reinstatement of front boundary wall and front parapet wall, demolition of rear outrigger, and the erection a part single, part two-storey rear extension, and cycle and refuse/recycling storage, and installation of additional first floor front elevation window.",S62A/2025/0081,Change of use,No,Z0116,25/10702/PINS,Bristol City Council,Planning permission,No,Written representations,Consultation period open
3360299,61009201,S62A/2025/0082,Demolition of existing building and erection of a new block of apartment comprising 9 dwellings (6 x 2 bedroom flats and 3 x 1 bedroom flats) together with the addition of PV panels and airsource heat pumps,S62A/2025/0082,Dwellings numbering between 1 and 9,No,Z0116,25/10707/PINS,Bristol City Council,Planning permission,No,Written representations,Consultation period open
3360374,61025737,S62A/2025/0083,"Outline Planning Application with all matters reserved (except for access) for the construction of up to 71 dwellings, including 50% affordable housing, associated green and hard infrastructure, public open space, biodiversity enhancements, parking, and access.",S62A/2025/0083,Dwellings numbering 10 or more,No,C1570,NULL,Uttlesford District Council,Outline planning permission with all matters reserved,No,Written representations,Pre-Application
3360501,61058539,S62A/2025/0084,Demolition of existing rear extension and erection of a single storey rear extension; alterations to roof including construction of a rear dormer and change of use of property from a single dwelling to two flats.,S62A/2025/0084,Dwellings of less than 0.5 hectare,No,Z0116,25/10801/PINS,Bristol City Council,Planning permission,No,Written representations,Application being assessed
3360671,61099991,S62A/2025/0085,"Change of use of first floor ancillary commercial accommodation to 2no. self-contained flats. Erection of a second-floor extension to provide 2no. self-contained flats. Reconfiguration of ground floor to provide a 107sqm commercial unit, including new shopfront, and refuse/recycling and cycle storage.",S62A/2025/0085,Change of use,No,Z0116,25/10865/PINS,Bristol City Council,Planning permission,No,Written representations,Consultation period open
3360801,61126851,S62A/2025/0086,"Approximately 100 residential dwellings, open space and access via St Edmunds Lane",S62A/2025/0086,NULL,No,C1570,NULL,Uttlesford District Council,NULL,No,NULL,Pre-Application
3361110,61205830,S62A/2025/0087,Outline planning application (all matters reserved) for 7 serviced plots for self-build and custom housebuilding,S62A/2025/0087,Dwellings numbering between 1 and 9,No,B1930,5/2025/0331,St Albans City Council,Outline planning permission with all matters reserved,No,Written representations,Consultation period open
3361117,61207413,S62A/2025/0088,"Change of ground floor from Class E to 1no. residential flat, including removal of shopfront, partial demolition of rear extension, and erection of a ground floor rear extension",S62A/2025/0088,Change of use,No,Z0116,25/10922/PINS,Bristol City Council,Planning permission,No,Written representations,New
3361296,61248526,S62A/2025/0089,"Erection of a second floor extension, and the change of use to 6no. small houses in
multiple occupation (Use Class C4).",S62A/2025/0089,Change of use,No,Z0116,NULL,Bristol City Council,Planning permission,No,NULL,NULL
3361506,61294696,S62A/2025/0090,"Erection of a second floor extension, and the change of use to 6no. small houses in multiple occupation (Use Class C4).",S62A/2025/0090,Change of use,No,Z0116,25/10970/PINS,Bristol City Council,Planning permission,No,Written representations,Decided
3361514,61295483,S62A/2025/0091,"Erection of a second floor roof extension, demolition and rebuilding of a single storey rear extension, and change of use of upper floors and part of ground floor from ancillary commercial space to a large a 8-bed HMO. New shopfronts to retained ground floor commercial units.",S62A/2025/0091,Change of use,No,Z0116,25/11000/PINS,Bristol City Council,Planning permission,No,Written representations,Consultation period open
3361610,61324081,S62A/2025/0092,"Ground, first and second floor extensions to 10 Melvin Square and first floor side extension to 1 Ilminster Avenue, to create 2no. large HMOs (1no. 9-bed, 1no. 7-bed), with cycle storage and retail storage at ground floor level (resubmission of planning permission 24/00433/F).",S62A/2025/0092,Dwellings of less than 0.5 hectare,No,Z0116,25/11086/PINS,Bristol City Council,Planning permission,No,Written representations,Consultation period open
3361740,61359380,S62A/2025/0093,Demolition of existing side extension and lean-to structure and erection of a three-bedroom semi-detached dwelling,S62A/2025/0093,Dwellings numbering between 1 and 9,No,Z0116,25/11073/PINS,Bristol City Council,Planning permission,No,Written representations,Consultation period open
3361741,61358613,S62A/2025/0094,"The use of part of the roof area as an outdoor terrace, comprising the provision of a metal canopy frame with retractable sunshade, glass balustrade and acoustic screen along with the provision of biodiverse green roof to part of roof top plant room",S62A/2025/0094,Other (Non-Major Development),Yes,Z0116,25/11125/PINS,Bristol City Council,Planning permission,No,Written representations,Consultation period open
3362542,61579215,S62A/2025/0095,"erection of 28 dwellings, including affordable housing and associated infrastructure and public open space, and allotments with access off Wicken Road.",S62A/2025/0095,Dwellings numbering 10 or more,No,C1570,UTT/25/0784/PE,Uttlesford District Council,NULL,No,Written representations,New
3362717,61617805,S62A/2025/0096,Change of use of dwelling to small house in multiple occupation (Use Class C4) with associated cycle parking and refuse/recycling storage,S62A/2025/0096,Change of use,No,Z0116,25/11372/PINS,Bristol City Council,Planning permission,No,Written representations,Consultation period open
3362803,61622904,S62A/2025/0097,Change of use from a (C3) residential dwelling to a (C4) small house of multiple occupation,S62A/2025/0097,Change of use,No,Z0116,25/11415/PINS,Bristol City Council,Planning permission,No,Written representations,Consultation period open
3363062,61689371,S62A/2025/0098,"Application 1: Outline planning application for residential development providing up to 150 homes (sites A and B) 
Application 2: Outline planning application for residential development providing up to 150 homes (sites D and E)
Application 3: Outline planning application for residential development providing up to 125 homes and commercial  development providing c. 4.5ha of employment floorspace (site G)
Application 4: Full planning application for residential development providing c.35homes (site F)",S62A/2025/0098,Dwellings numbering 10 or more,No,C1570,NULL,Uttlesford District Council,NULL,No,Written representations,Pre-Application
3363190,61727890,S62A/2025/0099,The installation and operation of an underground high voltage electrical cable and associated works required to connect Cutlers Solar Farm to the national grid,S62A/2025/0099,Other (Major Development),No,C1570,NULL,Uttlesford District Council,Planning permission,No,NULL,Withdrawn
3364167,61960454,S62A/2025/0100,"Residential development comprising 58 dwellings (of which 50% will be affordable dwellings), with public open space incorporating a trim trail, and associated infrastructure.",S62A/2025/0100,Dwellings numbering 10 or more,No,C1570,UTT/25/1118/PE,Uttlesford District Council,NULL,No,Written representations,Pre-Application
3364272,61988727,S62A/2025/0101,"Change of use from three residential flats (use class C3) to a 12 bedroom extension to an existing nursing home (use class C2), including demolition and replacement of rear extension and external alterations.",S62A/2025/0101,Change of use,No,Z0116,25/11876/PINS,Bristol City Council,Planning permission,No,Written representations,Consultation period open
3364562,62035360,S62A/2025/0102,"Change of use of existing maisonettes into single House in Multiple Occupation (HMO) containing 10no. bedrooms (sui generis), with associated bin and bike storage.",S62A/2025/0102,Change of use,No,Z0116,25/11956/PINS,Bristol City Council,Planning permission,No,Written representations,Decided
3364586,62031925,S62A/2025/0103,Change of use of vacant pre-school back to single 2bed flat,S62A/2025/0103,Change of use,No,Z0116,25/11957/PINS,Bristol City Council,Planning permission,No,Written representations,Application being assessed
3364589,62049112,S62A/2025/0104,"Change of use from a dwellinghouse used by a single person or household (Use Class C3a) to a small
dwellinghouse in multiple occupation (Use Class C4), including the erection of a cycle store",S62A/2025/0104,Change of use,No,Z0116,25/11987/PINS,Bristol City Council,Planning permission,No,Written representations,Consultation period open
3365002,62132889,S62A/2025/0105,"Partial demolition of boundary wall, altered access and construction of a two storey 5-bedroom Use Class C4 small house in multiple occupation.",S62A/2025/0105,Dwellings numbering between 1 and 9,No,Z0116,25/12081/PINS,Bristol City Council,Planning permission,No,Written representations,Application being assessed
3365009,62132629,S62A/2025/0106,"Demolition of boundary wall and construction of a two storey Use Class C4 small house in multiple occupation with associated provision of amenity space, refuse and cycle storage.",S62A/2025/0106,Dwellings numbering between 1 and 9,No,Z0116, 25/12110/PINS,Bristol City Council,Planning permission,No,Written representations,Decided
3365517,62245304,S62A/2025/0107,Erection of 75no. dwellings with associated infrastructure and landscaping. Provision of playing fields and associated clubhouse.,S62A/2025/0107,Dwellings numbering 10 or more,No,C1570,UTT/25/1343/PINS,Uttlesford District Council,Planning permission,No,Hearing,Consultation period open
3365940,62338213,S62A/2025/0108,First-floor extension to rear of shop and creation of dwelling (Use Class C3) with associated works.,S62A/2025/0108,Dwellings numbering between 1 and 9,No,Z0116,25/12280/PINS,Bristol City Council,Planning permission,No,Written representations,Decided
3366773,62502509,S62A/2025/0109,"Change of use from 2no. self-contained flats used by a single person or household (Use Class C3a) to 2no. small dwellinghouses in multiple occupation (Use Class C4), including the erection of a cycle and refuse/recycling stores.",S62A/2025/0109,Change of use,No,Z0116,25/12462/PINS,Bristol City Council,Planning permission,No,Written representations,Consultation period open
3367512,62667044,S62A/2025/0110,"Change of ground floor from Class E to 1no. residential flat, including removal of shopfront, partial demolition of rear extension, and erection of a ground floor rear extension",S62A/2025/0110,Change of use,No,Z0116,25/12705/PINS,Bristol City Council,Planning permission,No,Written representations,Consultation period open
3367902,62759342,S62A/2025/0111,Demolition of the rear annexe and delivery of 4 mews houses for short-term let with associated landscaping and other works.,S62A/2025/0111,Other (Non-Major Development),No,Z0116,25/12838/PINS,Bristol City Council,Planning permission,No,Written representations,Decided
3369181,63074771,S62A/2025/0112,"Demolition of existing buildings, on site, and the erection of a three storey building comprising 6no flats and 3no terraced dwellinghouses",S62A/2025/0112,Dwellings numbering between 1 and 9,No,Z0116,25/13171/PINS ,Bristol City Council,Planning permission,No,Written representations,Consultation period open
3369242,63090056,S62A/2025/0113,"Conversion of existing care home (Use Class C2) to provide two separate, large Sui Generis HMO’s (1no. 9
bedroom and 1no. 10 bedroom) together with associated external alterations to the building",S62A/2025/0113,Change of use,No,Z0116,25/13176/PINS,Bristol City Council,Planning permission,No,Written representations,Consultation period open
3369640,63172228,S62A/2025/0114,Erection of a detached bungalow in rear garden,S62A/2025/0114,Dwellings numbering between 1 and 9,No,Z0116,25/13332/PINS,Bristol City Council,Planning permission,No,Written representations,Consultation period open
3370226,63299694,S62A/2025/0115,Demolition of the rear extensions and construction of a large HMO (Sui Generis). Change of use of remaining ground floor unit from public house to a commercial unit (Use Class E).,S62A/2025/0115,Change of use,No,Z0116,25/13462/PINS,Bristol City Council,Planning permission,No,Written representations,Consultation period open
3370385,63336577,S62A/2025/0116,"Change of use of betting shop (Sui Generis), and external alterations to create 1no. residential flat (use class C3)",S62A/2025/0116,Dwellings numbering between 1 and 9,No,Z0116,25/13538/PINS,Bristol City Council,Planning permission,No,Written representations,Consultation period open
3370418,63346283,S62A/2025/0117,"Change of use of betting shop (Sui Generis), roof alterations, extension and external alterations to create 2 no. additional flats (use class C3) together with the internal reconfiguration of the existing first floor flat.",S62A/2025/0117,Dwellings numbering between 1 and 9,No,Z0116,25/13544/PINS ,Bristol City Council,Planning permission,No,Written representations,Consultation period open
3370511,63357980,S62A/2025/0118,Change of use from office to provide 20 no. purpose-built student units and associated works. ,S62A/2025/0118,Change of use,No,Z0116,25/13554/PINS,Bristol City Council,Planning permission,No,Written representations,Consultation period open
3371324,63513649,S62A/2025/0119,Erection of a rear extension and internal alterations to facilitate the change of use of the property from an 8-bedroom House in Multiple Occupation (HMO) to a 9-bedroom House in Multiple Occupation (HMO) (Use Class Sui Generis),S62A/2025/0119,Change of use,No,Z0116,25/13718/PIN,Bristol City Council,Planning permission,No,Written representations,Application being assessed
3372002,63645447,S62A/2025/0120,"Full planning application for the conversion of upper floors of existing buildings (bank and ancillary
office space (Use Class E(c(i)) to provide 9 no. self-contained flats, including refuse, recycling and cycle
storage at ground floor level, partial demolition to rear ground floor level, first floor rear extension, removal
of hipped roof to rear extension, and erection of a mansard roof extension. Sub-division of existing
commercial unit at ground floor level to create 2no. commercial units, and installation of replacement
shopfronts",S62A/2025/0120,Change of use,No,Z0116,25/13864/PINS,Bristol City Council,Planning permission,No,Written representations,Application being assessed
3372455,63711532,S62A/2025/0121,"Erection of a single dwelling (C3) with associated parking cycle storage, bin storage and gardens.",S62A/2025/0121,Change of use,No,Z0116,25/13928/PINS,Bristol City Council,Planning permission,No,Written representations,Consultation period open
3372727,63774585,S62A/2025/0122,A change of use from an office use (Use Class E.G.i) to an office (Use Class E.G.i) or educational use (Use Class F.1) using Class V of Part 3 of Schedule 2 of The Town and Country Planning (General Permitted Development) (England) Order 2015.,S62A/2025/0122,Change of use,No,Z0116,25/13997/PINS,Bristol City Council,Planning permission,No,NULL,Withdrawn
3372814,63797785,S62A/2025/0123,Erection of a detached dwellinghouse,S62A/2025/0123,Dwellings numbering between 1 and 9,No,Z0116,25/14029/PINS,Bristol City Council,Planning permission,No,Written representations,Consultation period open
3373019,63843192,S62A/2025/0124,"Change of use of ground commercial unit to 2no. self-contained flats, including reconfiguration of ground floor
front elevation fenestration, and refuse/recycling and cycle storage",S62A/2025/0124,Change of use,No,Z0116,NULL,Bristol City Council,Planning permission,No,NULL,Withdrawn
3373031,63843889,S62A/2025/0125,"Change of use from a dwellinghouse occupied by people to be regarded as forming a single household (Use
Class C3a) to a small dwellinghouse in multiple occupation for 3-6 people (Use Class C4), including the
erection of a cycle and refuse/recycling stores",S62A/2025/0125,Change of use,No,Z0116,25/14098/PINS,Bristol City Council,Planning permission,No,Written representations,Consultation period open
3373065,63841099,S62A/2025/0126,"Demolition of buildings and clearance of site, redevelopment with a retained 4-bed HMO and 4no. Use class flats in a 3-storey building. Altered access and provision of refuse and cycle storage.",S62A/2025/0126,Relevant demolition,No,Z0116,25/14113/PINS,Bristol City Council,"Planning permission and listed building consent for alterations, extension or demolition of a listed building",No,Written representations,Decided
3373422,63924674,S62A/2025/0127,Proposed 5No class B2 general industrial units,S62A/2025/0127,Development of a site less than 1 hectare,No,Z0116,25/14242/PINS,Bristol City Council,Planning permission,No,Written representations,Application being assessed
3373427,63926823,S62A/2025/0128,NULL,S62A/2025/0128,NULL,No,NULL,NULL,NULL,NULL,No,NULL,NULL
3373769,63987613,S62A/2025/0129,Conversion of top floor flat into a House in Multiple Occupation (Use Class C4) with rear roof extension and associated works.,S62A/2025/0129,Change of use,No,Z0116,25/14342/PINS,Bristol City Council,Planning permission,No,Written representations,Application being assessed
3374024,64046274,S62A/2025/0130,"Erection of a second-floor extension to the above property, and the change of use to 5no.small
houses in multiple occupation (Use Class C4); including creation of ancillary storage area.",S62A/2025/0130,Development of a site less than 1 hectare,No,Z0116,25/14447/PINS,Bristol City Council,Planning permission,No,Written representations,Consultation period open
3374574,64180342,S62A/2025/0131,This proposal is to seek outline planning permission to make use of this underutilised site by creating a 1 bed 2 person dwelling house in a desirable area.,S62A/2025/0131,Dwellings numbering between 1 and 9,No,Z0116,25/14593/PINS,Bristol City Council,Outline planning permission with all matters reserved,No,Written representations,Application being assessed
3374612,64192138,S62A/2025/0132,Works to install 9 no. floodlight columns around the MUGA and AW pitches at Cotham School with associated planting and works.,S62A/2025/0132,Other (Non-Major Development),No,Z0116,25/14638/PINS,Bristol City Council,Planning permission,No,Written representations,Validation
3374641,64199315,S62A/2025/0133,Works to install 8no. CCTV poles and cameras,S62A/2025/0133,Other (Non-Major Development),No,Z0116,25/14649/PINS,Bristol City Council,Planning permission,No,Written representations,Decided
3374771,64238131,S62A/2025/0134,Demolition of the rear annexe and delivery of 4 terrace PBSA houses with associated landscaping and other works,S62A/2025/0134,Other (Non-Major Development),No,Z0116,25/14748/PINS,Bristol City Council,Planning permission,No,Written representations,Decision awaited - Post hearing
3374821,64244897,S62A/2025/0135,"Demolition of existing buildings on site and the erection of a three storey building comprising 6no flats, and 3no. Terraced dwellinghouses.",S62A/2025/0135,Dwellings numbering between 1 and 9,No,Z0116,25/14765/PINS,Bristol City Council,Planning permission,No,Written representations,Consultation period open
3374895,64264576,S62A/2025/0136,"Erection of a first floor side extension to existing first floor flat. Partial demolition of rear extensions, to facilitate the change of use of part of the ground floor to a takeaway (sui generis), and part of the ground and first floors to a small HMO (C4 Use Class), including a new extract flue for takeaway (resubmission of planning application 24/03459/F).",S62A/2025/0136,Other (Non-Major Development),No,Z0116,25/14769/PINS,Bristol City Council,Planning permission,No,Written representations,Application being assessed
3375423,64396048,S62A/2025/0137,"Partial change of use of Class E commercial unit to a Class C1 Apart-Hotel with 9no. serviced apartments, demolition of rear extension, replacement extension, external alterations and provision of refuse and cycle storage.",S62A/2025/0137,Change of use,No,Z0116,25/14937/PINS,Bristol City Council,Planning permission,No,Written representations,Decided
3375478,64409332,S62A/2025/0138,"Change of use from a dwellinghouse used by a single person or household (Use Class C3a) to a small dwellinghouse in multiple occupation (Use Class C4), including the erection of a cycle and refuse/recycling stores",S62A/2025/0138,Change of use,No,Z0116,25/14959/PINS,Bristol City Council,Planning permission,No,Written representations,Application being assessed
3375640,64450979,S62A/2025/0139,"Part demolition and re-building and erection of a second floor extension, to provide 8no. self-contained flats",S62A/2025/0139,Dwellings numbering between 1 and 9,No,Z0116,25/14981/PINS,Bristol City Council,Planning permission,No,Written representations,Consultation period open
3376036,64547079,S62A/2025/0140,Demolition of the rear extensions and construction of a large HMO (Sui Generis). Change of use of the remaining ground floor unit from Public House to a commercial unit(Use Class E),S62A/2025/0140,Other (Non-Major Development),No,Z0116,25/15167/PINS,Bristol City Council,Planning permission,No,Written representations,Consultation period open
3376150,64575130,S62A/2025/0141,Change of use on ground floor from retail to 1 no. apartment,S62A/2025/0141,Change of use,No,Z0116,25/15180/PINS,Bristol City Council,Planning permission,No,Written representations,Application being assessed
3376198,64594131,S62A/2025/0142,"Erection of a first floor extension, ground floor rear extension and internal alterations to facilitate the change of use of the property from a 5-bedroom House in Multiple Occupation (HMO) to a 8- bedroom House in Multiple Occupation (HMO) (Use Class Sui Generis)",S62A/2025/0142,Change of use,No,Z0116,25/15234/PINS,Bristol City Council,Planning permission,No,Written representations,Consultation period open
3376225,64603752,S62A/2025/0143,Erection of a detached dwellinghouse ,S62A/2025/0143,Other (Non-Major Development),No,Z0116, 25/15245/PINS,Bristol City Council,Planning permission,No,Written representations,Consultation period open
3376610,64696447,S62A/2025/0144,"Change of use - Conversion of part of existing domestic garage (use class c3) to maintenance office base (use class E(G)), Including retention of existing-cycle store and associated external alterations.",S62A/2025/0144,Change of use,No,Z0116,25/15450/PINS,Bristol City Council,Planning permission,No,Written representations,Consultation period open
3376737,64741642,S62A/2025/0145,Change of use of existing small house in multiple occupation (use class C4) to a large house in multiple occupation for up to 8no occupants (sui generis) with associated cycle storage. ,S62A/2025/0145,Change of use,No,Z0116,25/15507/PINS,Bristol City Council,Planning permission,No,Written representations,Consultation period open
3376738,64740399,S62A/2025/0146,"Change of use of existing small house in multiple application (use class C4) to a large house in multiple occupation for up to 8no occupants (sui generis), with associated cycle storage. ",S62A/2025/0146,Change of use,No,Z0116,NULL,Bristol City Council,Planning permission,No,NULL,NULL
3376849,64784160,S62A/2025/0147,Erection of a two-storey building comprising 2no. self-contained flats,S62A/2025/0147,Other (Non-Major Development),No,Z0116,25/15560/PINS,Bristol City Council,Planning permission,No,Written representations,Consultation period open
3376904,64797778,S62A/2025/0148,"External alterations to ground floor entrance area, including the installation of a new shopfront and timber hand rails, and the raising of floor levels",S62A/2025/0148,Other (Non-Major Development),No,Z0116,25/15620/PINS,Bristol City Council,Planning permission,No,Written representations,New
3377086,64834926,S62A/2025/0149,"Rear extension and change of use from takeaway (sui generis) to bar with seating area, office and small kitchen (sui generis).",S62A/2025/0149,Change of use,No,Z0116, 25/15627/PINS,Bristol City Council,Planning permission,No,Written representations,Consultation period open
3377096,64839260,S62A/2025/0150,"Erection of a second floor roof extension, demolition and rebuilding of a single storey rear extension, and change of use of upper floors and part of ground floor from ancillary commercial space to a large 8-bed HMO. New shopfronts to retained ground floor commercial units. ",S62A/2025/0150,Other (Non-Major Development),Yes,Z0116,26/10006/PINS,Bristol City Council,Planning permission,No,Written representations,Consultation period open
3377128,64848865,S62A/2025/0151,Attached two storey house,S62A/2025/0151,Dwellings numbering between 1 and 9,No,Z0116,26/10034/PINS,Bristol City Council,Planning permission,No,Written representations,Consultation period open
3377230,64905139,S62A/2026/0152,"Change of use from Use Class C3 two flats to Class C4 two small houses of multiple occupation (1 x five bed and 1 x 3 bed), with associated provision for car parking, refuse, and cycle storage.",S62A/2026/0152,Change of use,No,Z0116,26/10124/PINS,Bristol City Council,Planning permission,No,NULL,Validation
3377521,65006133,S62A/2026/0153,"Proposed change of use from a school (Use Class F1(a)) to seven flats and a self-contained dwelling (Use Class C3) with associated alterations, altered access, car parking, refuse and cycle storage.",S62A/2026/0153,Change of use,No,Z0116,NULL,Bristol City Council,Planning permission,No,NULL,Declined to determine
3378824,65783528,S62A/2026/0154,"Redevelopment of former horticultural nursery for residential development along with along with landscaping, drainage, access, parking and other associated infrastructure.",S62A/2026/0154,Dwellings numbering 10 or more,No,J1535,NULL,Epping Forest District Council,Planning permission,No,NULL,Pre-Application
3378852,65813466,S62A/2026/0155,"Outline planning application for the erection of up to 125 residential dwellings (50% affordable) with vehicular access off Stonards Hill, pedestrian and cyclist access off Stonards Hill, Kendal Avenue and Hartland Road, provision of public open space with associated landscape planting, associated infrastructure, drainage measures, earthworks and all other associated works, (outline application with all matters reserved except access into the site).
The site extends to some 13.85 hectares and development areas are proposed on approximately 2.5 hectares adjacent to the settlement boundary of Epping. The vast majority of the site will be accessible open space with pedestrian and cycle pathways through the site enabling access to Epping Underground station.",S62A/2026/0155,Other (Major Development),No,J1535,NULL,Epping Forest District Council,Planning permission,No,NULL,Pre-Application