CaseUniqueId,CaseNodeId,ProposalDescription,SiteAddress,SitePostcode,SiteEasting,SiteNorthing,SiteVisibleFromPublicLand,SiteArea,SiteAreaUnitMeasurement,TotalExistingResidentialUnits,TotalProposedResidentialUnits,NetResidentialUnitChange,NetAdditionalFloorspaceSqM,NonResExistingFloorspaceSqM,NonResFloorspaceLostSqM,NonResFloorspaceProposedSqM,NonResNetFloorspaceSqM,ActivitiesProcessesDescription,IsWasteDevelopment,WasteType,WasteMaxThroughputType,VoidCapacityCubicMetres,LiquidWasteMaxAnnualThroughput,ParkingGroupID,ParkingVehicleType,ParkingExistingSpaces,ParkingProposedSpaces,ParkingSpaceDifference,NonResGroupID,UseClass,FloorspaceChange,ExistingFloorspaceSqM,FloorspaceLostSqM,FloorspaceProposedSqM,ExistingHousingGroupID,ExistingHousingOccupancyType,ExistingHousingUnitType,ExistingHousing1BedCount,ExistingHousing2BedCount,ExistingHousing3BedCount,ExistingHousing4PlusBedCount,ExistingHousingUnknownBedCount,ExistingHousingTotalUnits,ProposedHousingGroupID,ProposedHousingUnitType,ProposedHousingOccupancyType,ProposedHousing1BedCount,ProposedHousing2BedCount,ProposedHousing3BedCount,ProposedHousing4PlusBedCount,ProposedHousingUnknownBedCount,ProposedHousingTotalUnits
3170466,20368079,NULL,NULL,NULL,NULL,NULL,NULL,NULL,NULL,NULL,NULL,NULL,NULL,NULL,NULL,NULL,NULL,NULL,NULL,NULL,NULL,NULL,NULL,NULL,NULL,NULL,NULL,NULL,NULL,NULL,NULL,NULL,NULL,NULL,NULL,NULL,NULL,NULL,NULL,NULL,NULL,NULL,NULL,NULL,NULL,NULL,NULL,NULL,NULL,NULL,NULL,NULL
3341243,0,NULL,NULL,NULL,NULL,NULL,NULL,NULL,NULL,NULL,NULL,NULL,NULL,NULL,NULL,NULL,NULL,NULL,NULL,NULL,NULL,NULL,NULL,NULL,NULL,NULL,NULL,NULL,NULL,NULL,NULL,NULL,NULL,NULL,NULL,NULL,NULL,NULL,NULL,NULL,NULL,NULL,NULL,NULL,NULL,NULL,NULL,NULL,NULL,NULL,NULL,NULL
3353561,0,NULL,NULL,NULL,NULL,NULL,NULL,NULL,NULL,NULL,NULL,NULL,NULL,NULL,NULL,NULL,NULL,NULL,NULL,NULL,NULL,NULL,NULL,NULL,NULL,NULL,NULL,NULL,NULL,NULL,NULL,NULL,NULL,NULL,NULL,NULL,NULL,NULL,NULL,NULL,NULL,NULL,NULL,NULL,NULL,NULL,NULL,NULL,NULL,NULL,NULL,NULL
3353562,0,NULL,NULL,NULL,NULL,NULL,NULL,NULL,NULL,NULL,NULL,NULL,NULL,NULL,NULL,NULL,NULL,NULL,NULL,NULL,NULL,NULL,NULL,NULL,NULL,NULL,NULL,NULL,NULL,NULL,NULL,NULL,NULL,NULL,NULL,NULL,NULL,NULL,NULL,NULL,NULL,NULL,NULL,NULL,NULL,NULL,NULL,NULL,NULL,NULL,NULL,NULL
3217499,30019296,NULL,NULL,NULL,NULL,NULL,NULL,NULL,NULL,NULL,NULL,NULL,NULL,NULL,NULL,NULL,NULL,NULL,NULL,NULL,NULL,NULL,NULL,12,NULL,NULL,NULL,NULL,13,NULL,NULL,NULL,NULL,NULL,3,NULL,NULL,NULL,NULL,NULL,NULL,NULL,NULL,2,NULL,NULL,NULL,NULL,NULL,NULL,NULL,NULL
3299621,47666450,NULL,"Friends’ School, Mount Pleasant Rd, Saffron Walden ",CB11 3EB,NULL,NULL,NULL,3.28,NULL,7,96,89,NULL,NULL,NULL,NULL,NULL,NULL,NULL,NULL,NULL,NULL,NULL,13,Cars,97,184,NULL,14,Other,NULL,NULL,NULL,NULL,4,Market Housing,Unknown,NULL,NULL,NULL,NULL,7,7,2,Houses,Market Housing,3,3,11,9,NULL,26
3299621,47666450,NULL,"Friends’ School, Mount Pleasant Rd, Saffron Walden ",CB11 3EB,NULL,NULL,NULL,3.28,NULL,7,96,89,NULL,NULL,NULL,NULL,NULL,NULL,NULL,NULL,NULL,NULL,NULL,13,Cars,97,184,NULL,14,Other,NULL,NULL,NULL,NULL,4,Market Housing,Unknown,NULL,NULL,NULL,NULL,7,7,3,Flats and Maisonettes,Market Housing,22,41,7,NULL,NULL,70
3299676,47687427,NULL,NULL,NULL,NULL,NULL,NULL,NULL,NULL,NULL,NULL,NULL,NULL,NULL,NULL,NULL,NULL,NULL,NULL,NULL,NULL,NULL,NULL,12,NULL,NULL,NULL,NULL,13,NULL,NULL,NULL,NULL,NULL,3,NULL,NULL,NULL,NULL,NULL,NULL,NULL,NULL,2,NULL,NULL,NULL,NULL,NULL,NULL,NULL,NULL
3304231,48602178,NULL,"Land to the south of Henham Road
Elsenham
Essex",NULL,553939,226298,NULL,5.3,NULL,0,130,130,NULL,NULL,NULL,NULL,NULL,NULL,NULL,NULL,NULL,NULL,NULL,13,NULL,NULL,NULL,NULL,14,NULL,NULL,NULL,NULL,NULL,4,NULL,NULL,16,30,6,0,NULL,52,2,Houses,Market Housing,0,27,36,15,NULL,78
3304231,48602178,NULL,"Land to the south of Henham Road
Elsenham
Essex",NULL,553939,226298,NULL,5.3,NULL,0,130,130,NULL,NULL,NULL,NULL,NULL,NULL,NULL,NULL,NULL,NULL,NULL,13,NULL,NULL,NULL,NULL,14,NULL,NULL,NULL,NULL,NULL,4,NULL,NULL,16,30,6,0,NULL,52,3,Houses,Social Rented,NULL,NULL,NULL,NULL,NULL,NULL
3304713,48695239,NULL,"Poplars Solar Farm (Land at Lord Rayleigh’s Farm), Dunmow, Essex",CM6 3JZ,NULL,NULL,NULL,NULL,NULL,NULL,NULL,NULL,NULL,NULL,NULL,NULL,NULL,NULL,NULL,NULL,NULL,NULL,NULL,12,NULL,NULL,NULL,NULL,13,NULL,NULL,NULL,NULL,NULL,3,NULL,NULL,NULL,NULL,NULL,NULL,NULL,NULL,2,NULL,NULL,NULL,NULL,NULL,NULL,NULL,NULL
3307113,49206759,NULL,"Land East of Pelham substation, Maggots End Manuden",NULL,547257,228104,NULL,76.39,Hectares,NULL,NULL,NULL,NULL,NULL,NULL,NULL,NULL,NULL,NULL,NULL,NULL,NULL,NULL,12,NULL,NULL,NULL,NULL,13,NULL,NULL,NULL,NULL,NULL,3,NULL,NULL,NULL,NULL,NULL,NULL,NULL,NULL,2,NULL,NULL,NULL,NULL,NULL,NULL,NULL,NULL
3308111,49419637,NULL,"Land East of Station Road, Elsenham",NULL,NULL,NULL,NULL,11.12,NULL,0,200,200,NULL,NULL,NULL,NULL,NULL,NULL,NULL,NULL,NULL,NULL,NULL,14,Cars,NULL,NULL,NULL,16,NULL,NULL,NULL,NULL,NULL,3,Social Rented,Houses,NULL,NULL,NULL,NULL,40,40,2,Houses,Market Housing,NULL,NULL,NULL,NULL,120,120
3308111,49419637,NULL,"Land East of Station Road, Elsenham",NULL,NULL,NULL,NULL,11.12,NULL,0,200,200,NULL,NULL,NULL,NULL,NULL,NULL,NULL,NULL,NULL,NULL,NULL,15,Cycle Spaces,NULL,NULL,NULL,16,NULL,NULL,NULL,NULL,NULL,3,Social Rented,Houses,NULL,NULL,NULL,NULL,40,40,2,Houses,Market Housing,NULL,NULL,NULL,NULL,120,120
3308111,49419637,NULL,"Land East of Station Road, Elsenham",NULL,NULL,NULL,NULL,11.12,NULL,0,200,200,NULL,NULL,NULL,NULL,NULL,NULL,NULL,NULL,NULL,NULL,NULL,15,Cycle Spaces,NULL,NULL,NULL,16,NULL,NULL,NULL,NULL,NULL,4,Social Rented,Flats and Maisonettes,NULL,NULL,NULL,NULL,16,16,2,Houses,Market Housing,NULL,NULL,NULL,NULL,120,120
3308111,49419637,NULL,"Land East of Station Road, Elsenham",NULL,NULL,NULL,NULL,11.12,NULL,0,200,200,NULL,NULL,NULL,NULL,NULL,NULL,NULL,NULL,NULL,NULL,NULL,14,Cars,NULL,NULL,NULL,16,NULL,NULL,NULL,NULL,NULL,4,Social Rented,Flats and Maisonettes,NULL,NULL,NULL,NULL,16,16,2,Houses,Market Housing,NULL,NULL,NULL,NULL,120,120
3308111,49419637,NULL,"Land East of Station Road, Elsenham",NULL,NULL,NULL,NULL,11.12,NULL,0,200,200,NULL,NULL,NULL,NULL,NULL,NULL,NULL,NULL,NULL,NULL,NULL,14,Cars,NULL,NULL,NULL,16,NULL,NULL,NULL,NULL,NULL,5,Intermediate,Houses,NULL,NULL,NULL,NULL,24,24,2,Houses,Market Housing,NULL,NULL,NULL,NULL,120,120
3308111,49419637,NULL,"Land East of Station Road, Elsenham",NULL,NULL,NULL,NULL,11.12,NULL,0,200,200,NULL,NULL,NULL,NULL,NULL,NULL,NULL,NULL,NULL,NULL,NULL,15,Cycle Spaces,NULL,NULL,NULL,16,NULL,NULL,NULL,NULL,NULL,5,Intermediate,Houses,NULL,NULL,NULL,NULL,24,24,2,Houses,Market Housing,NULL,NULL,NULL,NULL,120,120
3308658,49521922,NULL,"Land at Cox Ley, Hatfield Heath, Bishop’s Stortford",CM22 7ER,NULL,NULL,NULL,NULL,NULL,NULL,NULL,NULL,NULL,NULL,NULL,NULL,NULL,NULL,NULL,NULL,NULL,NULL,NULL,12,NULL,NULL,NULL,NULL,13,NULL,NULL,NULL,NULL,NULL,3,NULL,NULL,NULL,NULL,NULL,NULL,NULL,NULL,2,NULL,NULL,NULL,NULL,NULL,NULL,NULL,NULL
3312130,50231527,NULL,"Land west of Thaxted Road, Saffron Walden",NULL,NULL,NULL,Yes,8.35,NULL,0,170,170,NULL,NULL,NULL,NULL,NULL,NULL,NULL,NULL,NULL,NULL,NULL,12,NULL,NULL,NULL,NULL,13,NULL,NULL,NULL,NULL,NULL,3,NULL,NULL,NULL,NULL,NULL,NULL,NULL,NULL,2,NULL,NULL,NULL,NULL,NULL,NULL,NULL,NULL
3315672,51013116,NULL,"Grange Paddock
Ickleton Road
Elmdon
Essex
",CB11 4GR,546584,239899,NULL,2.26,NULL,NULL,18,NULL,NULL,NULL,NULL,NULL,NULL,NULL,NULL,NULL,NULL,NULL,NULL,12,NULL,NULL,NULL,NULL,13,NULL,NULL,NULL,NULL,NULL,3,NULL,NULL,NULL,NULL,NULL,NULL,NULL,NULL,2,Houses,Market Housing,NULL,3,6,9,NULL,18
3319907,51916497,NULL,"Warish Hall Farm, Smiths Green Lane, Takeley, Essex",CM22 6NZ,556844,222165,Yes,2.1,NULL,0,40,40,NULL,NULL,NULL,NULL,NULL,NULL,No,NULL,NULL,NULL,NULL,12,Cars,0,106,106,13,NULL,NULL,NULL,NULL,NULL,3,NULL,NULL,3,5,5,3,NULL,16,2,Houses,Market Housing,NULL,6,10,8,NULL,24
3319999,51937925,NULL,"Land at Tilekiln Green, Start Hill, Great Hallingbury",CM22 7TA,551726,221351,NULL,5.12,Hectares,NULL,NULL,NULL,NULL,NULL,NULL,NULL,NULL,NULL,NULL,NULL,NULL,NULL,NULL,12,NULL,NULL,NULL,NULL,13,NULL,NULL,NULL,NULL,NULL,3,NULL,NULL,NULL,NULL,NULL,NULL,NULL,NULL,2,NULL,NULL,NULL,NULL,NULL,NULL,NULL,NULL
3325259,53087260,NULL,"Stansted Airport
Bassingbourn Road
Stansted
",CM24 1QW,NULL,NULL,NULL,NULL,NULL,NULL,NULL,NULL,NULL,NULL,NULL,NULL,NULL,NULL,NULL,NULL,NULL,NULL,NULL,12,NULL,NULL,NULL,NULL,13,NULL,NULL,NULL,NULL,NULL,3,NULL,NULL,NULL,NULL,NULL,NULL,NULL,NULL,2,NULL,NULL,NULL,NULL,NULL,NULL,NULL,NULL
3331210,54383533,NULL,"Land North of Eldridge Close, Stickling Green, Clavering, Essex",CB11 4FZ,548048,232815,NULL,1.35,NULL,0,28,28,NULL,NULL,NULL,NULL,NULL,NULL,NULL,NULL,NULL,NULL,NULL,14,Cars,0,58,58,15,NULL,NULL,NULL,NULL,NULL,5,NULL,NULL,NULL,NULL,NULL,NULL,NULL,0,2,Houses,Market Housing,NULL,6,4,6,NULL,16
3331210,54383533,NULL,"Land North of Eldridge Close, Stickling Green, Clavering, Essex",CB11 4FZ,548048,232815,NULL,1.35,NULL,0,28,28,NULL,NULL,NULL,NULL,NULL,NULL,NULL,NULL,NULL,NULL,NULL,14,Cars,0,58,58,15,NULL,NULL,NULL,NULL,NULL,5,NULL,NULL,NULL,NULL,NULL,NULL,NULL,0,3,Houses,Social Rented,NULL,4,3,NULL,NULL,7
3331210,54383533,NULL,"Land North of Eldridge Close, Stickling Green, Clavering, Essex",CB11 4FZ,548048,232815,NULL,1.35,NULL,0,28,28,NULL,NULL,NULL,NULL,NULL,NULL,NULL,NULL,NULL,NULL,NULL,14,Cars,0,58,58,15,NULL,NULL,NULL,NULL,NULL,5,NULL,NULL,NULL,NULL,NULL,NULL,NULL,0,4,Flats and Maisonettes,Social Rented,3,2,NULL,NULL,NULL,5
3331286,54403436,NULL,"Land West of Robin Hood Road, Elsenham",NULL,553395,225943,NULL,2.25,Hectares,NULL,40,NULL,NULL,NULL,NULL,NULL,NULL,NULL,NULL,NULL,NULL,NULL,NULL,12,NULL,NULL,NULL,NULL,13,NULL,NULL,NULL,NULL,NULL,3,NULL,NULL,NULL,NULL,NULL,NULL,NULL,NULL,2,NULL,NULL,NULL,NULL,NULL,NULL,NULL,NULL
3331617,54474698,NULL,"Warish Hall Farm
Smiths Green Lane
Takeley
Essex
",CM22 6NZ,556844,222165,NULL,2.1,Hectares,NULL,40,NULL,NULL,NULL,NULL,NULL,NULL,NULL,NULL,NULL,NULL,NULL,NULL,12,NULL,NULL,NULL,NULL,13,NULL,NULL,NULL,NULL,NULL,3,NULL,NULL,NULL,NULL,NULL,NULL,NULL,NULL,2,NULL,NULL,NULL,NULL,NULL,NULL,NULL,NULL
3334584,55155356,NULL,"Land North of Thaxted Road,
Saffron Walden",NULL,55184,237428,NULL,4.3,Hectares,NULL,55,NULL,NULL,NULL,NULL,NULL,NULL,NULL,NULL,NULL,NULL,NULL,NULL,12,NULL,NULL,NULL,NULL,13,NULL,NULL,NULL,NULL,NULL,3,NULL,NULL,NULL,NULL,NULL,NULL,NULL,NULL,2,NULL,NULL,NULL,NULL,NULL,NULL,NULL,NULL
3334582,55156834,NULL,"Land to the west of Clatterbury Lane,
Clavering,
Essex",NULL,548043,232738,NULL,1.26,Hectares,NULL,28,NULL,NULL,NULL,NULL,NULL,NULL,NULL,NULL,NULL,NULL,NULL,NULL,14,NULL,NULL,NULL,NULL,15,NULL,NULL,NULL,NULL,NULL,5,NULL,NULL,NULL,NULL,NULL,NULL,NULL,NULL,2,Houses,Market Housing,2,2,6,7,NULL,17
3334582,55156834,NULL,"Land to the west of Clatterbury Lane,
Clavering,
Essex",NULL,548043,232738,NULL,1.26,Hectares,NULL,28,NULL,NULL,NULL,NULL,NULL,NULL,NULL,NULL,NULL,NULL,NULL,NULL,14,NULL,NULL,NULL,NULL,15,NULL,NULL,NULL,NULL,NULL,5,NULL,NULL,NULL,NULL,NULL,NULL,NULL,NULL,3,Houses,Social Rented,2,1,NULL,NULL,NULL,5
3334582,55156834,NULL,"Land to the west of Clatterbury Lane,
Clavering,
Essex",NULL,548043,232738,NULL,1.26,Hectares,NULL,28,NULL,NULL,NULL,NULL,NULL,NULL,NULL,NULL,NULL,NULL,NULL,NULL,14,NULL,NULL,NULL,NULL,15,NULL,NULL,NULL,NULL,NULL,5,NULL,NULL,NULL,NULL,NULL,NULL,NULL,NULL,4,Flats and Maisonettes,Social Rented,2,4,NULL,NULL,NULL,6
3338453,55991839,NULL,"Land at Wickham Hall,
Bishops Stortford, 
Hertfordshire
",CM23 1JG,NULL,NULL,NULL,NULL,NULL,NULL,NULL,NULL,NULL,NULL,NULL,NULL,NULL,NULL,NULL,NULL,NULL,NULL,NULL,12,NULL,NULL,NULL,NULL,13,NULL,NULL,NULL,NULL,NULL,3,NULL,NULL,NULL,NULL,NULL,NULL,NULL,NULL,2,NULL,NULL,NULL,NULL,NULL,NULL,NULL,NULL
3340881,56525542,NULL,"57 The Old Port House
Prince Street
City Centre
Bristol",BS1 4QH,358640,172473,NULL,640,Square Metres,NULL,NULL,NULL,NULL,NULL,NULL,NULL,NULL,NULL,NULL,NULL,NULL,NULL,NULL,12,NULL,NULL,NULL,NULL,13,NULL,NULL,NULL,NULL,NULL,3,NULL,NULL,NULL,NULL,NULL,NULL,NULL,NULL,2,NULL,NULL,NULL,NULL,NULL,NULL,NULL,NULL
3341124,56582935,NULL,"Canfield Moat, High Cross Lane, Little Canfield, Dunmow, Essex",CM6 1TD ,NULL,NULL,NULL,NULL,NULL,NULL,NULL,NULL,NULL,NULL,NULL,NULL,NULL,NULL,NULL,NULL,NULL,NULL,NULL,12,NULL,NULL,NULL,NULL,13,NULL,NULL,NULL,NULL,NULL,3,NULL,NULL,NULL,NULL,NULL,NULL,NULL,NULL,2,NULL,NULL,NULL,NULL,NULL,NULL,NULL,NULL
3341246,56607516,NULL,NULL,NULL,NULL,NULL,NULL,NULL,NULL,NULL,NULL,NULL,NULL,NULL,NULL,NULL,NULL,NULL,NULL,NULL,NULL,NULL,NULL,12,NULL,NULL,NULL,NULL,13,NULL,NULL,NULL,NULL,NULL,3,NULL,NULL,NULL,NULL,NULL,NULL,NULL,NULL,2,NULL,NULL,NULL,NULL,NULL,NULL,NULL,NULL
3343084,57051113,NULL,"20 Conway Road
Brislington
Bristol City
Bristol",BS4 3RF,361485,171712,NULL,180,Square Metres,NULL,NULL,NULL,NULL,NULL,NULL,NULL,NULL,NULL,NULL,NULL,NULL,NULL,NULL,12,NULL,NULL,NULL,NULL,13,NULL,NULL,NULL,NULL,NULL,3,NULL,NULL,NULL,NULL,NULL,NULL,NULL,NULL,2,NULL,NULL,NULL,NULL,NULL,NULL,NULL,NULL
3343222,57077269,NULL,"57 The Old Port House
Prince Street
City Centre
Bristol",BS1 4QH,358640,172473,NULL,640,Square Metres,NULL,NULL,NULL,NULL,NULL,NULL,NULL,NULL,NULL,NULL,NULL,NULL,NULL,NULL,12,NULL,NULL,NULL,NULL,13,NULL,NULL,NULL,NULL,NULL,3,NULL,NULL,NULL,NULL,NULL,NULL,NULL,NULL,2,NULL,NULL,NULL,NULL,NULL,NULL,NULL,NULL
3343736,57194970,NULL,"85 Ruby Street
Bristol",BS3 3DW,357730,171110,NULL,102,Square Metres,NULL,NULL,NULL,NULL,NULL,NULL,NULL,NULL,NULL,NULL,NULL,NULL,NULL,NULL,12,NULL,NULL,NULL,NULL,13,NULL,NULL,NULL,NULL,NULL,3,NULL,NULL,NULL,NULL,NULL,NULL,NULL,NULL,2,NULL,NULL,NULL,NULL,NULL,NULL,NULL,NULL
3344956,57473948,NULL,"87 Queenshill Road, 
Bristol",BS4 2XQ,NULL,NULL,NULL,436,Square Metres,NULL,NULL,NULL,NULL,NULL,NULL,NULL,NULL,NULL,NULL,NULL,NULL,NULL,NULL,12,NULL,NULL,NULL,NULL,13,NULL,NULL,NULL,NULL,NULL,3,NULL,NULL,NULL,NULL,NULL,NULL,NULL,NULL,2,NULL,NULL,NULL,NULL,NULL,NULL,NULL,NULL
3345139,57520228,NULL,"Land at Wickham Hall Estate
Bishops Stortford
Uttlesford",CM23 1JG,546478,223169,NULL,33.59,Hectares,NULL,NULL,NULL,NULL,NULL,NULL,NULL,NULL,NULL,NULL,NULL,NULL,NULL,NULL,12,NULL,NULL,NULL,NULL,13,NULL,NULL,NULL,NULL,NULL,3,NULL,NULL,NULL,NULL,NULL,NULL,NULL,NULL,2,NULL,NULL,NULL,NULL,NULL,NULL,NULL,NULL
3345559,57611120,NULL,"9a/9b Rosebery Avenue, Harpenden",AL5 2QT,NULL,NULL,NULL,905,Square Metres,NULL,NULL,NULL,NULL,NULL,NULL,NULL,NULL,NULL,NULL,NULL,NULL,NULL,NULL,12,NULL,NULL,NULL,NULL,13,NULL,NULL,NULL,NULL,NULL,3,NULL,NULL,NULL,NULL,NULL,NULL,NULL,NULL,2,NULL,NULL,NULL,NULL,NULL,NULL,NULL,NULL
3346342,57766416,NULL,"39-43 College Green
Bristol ",BS1 5SH,358487,172784,NULL,0.0943,Hectares,NULL,NULL,NULL,NULL,NULL,NULL,NULL,NULL,NULL,NULL,NULL,NULL,NULL,NULL,12,NULL,NULL,NULL,NULL,13,NULL,NULL,NULL,NULL,NULL,3,NULL,NULL,NULL,NULL,NULL,NULL,NULL,NULL,2,NULL,NULL,NULL,NULL,NULL,NULL,NULL,NULL
3346778,57863213,NULL,"59 Langton Road
Brislington
Bristol City",BS4 4ER,361892,172127,NULL,188,Square Metres,NULL,NULL,NULL,NULL,NULL,NULL,NULL,NULL,NULL,NULL,NULL,NULL,NULL,NULL,12,NULL,NULL,NULL,NULL,13,NULL,NULL,NULL,NULL,NULL,3,NULL,NULL,NULL,NULL,NULL,NULL,NULL,NULL,2,NULL,NULL,NULL,NULL,NULL,NULL,NULL,NULL
3347426,58022819,NULL,"Land East of Harrisons Lane, Ringmer",NULL,NULL,NULL,NULL,NULL,NULL,NULL,NULL,NULL,NULL,NULL,NULL,NULL,NULL,NULL,NULL,NULL,NULL,NULL,NULL,12,NULL,NULL,NULL,NULL,13,NULL,NULL,NULL,NULL,NULL,3,NULL,NULL,NULL,NULL,NULL,NULL,NULL,NULL,2,NULL,NULL,NULL,NULL,NULL,NULL,NULL,NULL
3347485,58036703,NULL,"Building 11,
Explore Lane,
Bristol,",BS1 5TY,NULL,NULL,NULL,0.07,Hectares,NULL,NULL,NULL,NULL,NULL,NULL,NULL,NULL,NULL,NULL,NULL,NULL,NULL,NULL,12,NULL,NULL,NULL,NULL,13,NULL,NULL,NULL,NULL,NULL,3,NULL,NULL,NULL,NULL,NULL,NULL,NULL,NULL,2,NULL,NULL,NULL,NULL,NULL,NULL,NULL,NULL
3347982,58145337,NULL,"Vintry House (Sixth Floor),
20-32 Wine Street,
Bristol
",BS1 2BD,NULL,NULL,NULL,0.0065,Hectares,NULL,NULL,NULL,NULL,NULL,NULL,NULL,NULL,NULL,NULL,NULL,NULL,NULL,NULL,12,NULL,NULL,NULL,NULL,13,NULL,NULL,NULL,NULL,NULL,3,NULL,NULL,NULL,NULL,NULL,NULL,NULL,NULL,2,NULL,NULL,NULL,NULL,NULL,NULL,NULL,NULL
3348598,58278364,NULL,"Former Friends School Field, Mount Pleasant Road, Saffron Walden",CB11 3EB,NULL,NULL,NULL,6.72,Hectares,0,91,91,427,NULL,NULL,427,427,NULL,No,NULL,NULL,NULL,NULL,14,Cars,0,229,229,16,Other,NULL,NULL,NULL,NULL,5,NULL,NULL,NULL,NULL,NULL,NULL,NULL,NULL,2,Houses,Market Housing,NULL,NULL,40,14,NULL,54
3348598,58278364,NULL,"Former Friends School Field, Mount Pleasant Road, Saffron Walden",CB11 3EB,NULL,NULL,NULL,6.72,Hectares,0,91,91,427,NULL,NULL,427,427,NULL,No,NULL,NULL,NULL,NULL,15,Other (E.g. Bus),0,2,2,16,Other,NULL,NULL,NULL,NULL,5,NULL,NULL,NULL,NULL,NULL,NULL,NULL,NULL,2,Houses,Market Housing,NULL,NULL,40,14,NULL,54
3348598,58278364,NULL,"Former Friends School Field, Mount Pleasant Road, Saffron Walden",CB11 3EB,NULL,NULL,NULL,6.72,Hectares,0,91,91,427,NULL,NULL,427,427,NULL,No,NULL,NULL,NULL,NULL,15,Other (E.g. Bus),0,2,2,16,Other,NULL,NULL,NULL,NULL,5,NULL,NULL,NULL,NULL,NULL,NULL,NULL,NULL,3,Flats and Maisonettes,Social Rented,14,6,NULL,NULL,NULL,20
3348598,58278364,NULL,"Former Friends School Field, Mount Pleasant Road, Saffron Walden",CB11 3EB,NULL,NULL,NULL,6.72,Hectares,0,91,91,427,NULL,NULL,427,427,NULL,No,NULL,NULL,NULL,NULL,14,Cars,0,229,229,16,Other,NULL,NULL,NULL,NULL,5,NULL,NULL,NULL,NULL,NULL,NULL,NULL,NULL,3,Flats and Maisonettes,Social Rented,14,6,NULL,NULL,NULL,20
3348598,58278364,NULL,"Former Friends School Field, Mount Pleasant Road, Saffron Walden",CB11 3EB,NULL,NULL,NULL,6.72,Hectares,0,91,91,427,NULL,NULL,427,427,NULL,No,NULL,NULL,NULL,NULL,14,Cars,0,229,229,16,Other,NULL,NULL,NULL,NULL,5,NULL,NULL,NULL,NULL,NULL,NULL,NULL,NULL,4,Houses,Social Rented,NULL,NULL,16,1,NULL,17
3348598,58278364,NULL,"Former Friends School Field, Mount Pleasant Road, Saffron Walden",CB11 3EB,NULL,NULL,NULL,6.72,Hectares,0,91,91,427,NULL,NULL,427,427,NULL,No,NULL,NULL,NULL,NULL,15,Other (E.g. Bus),0,2,2,16,Other,NULL,NULL,NULL,NULL,5,NULL,NULL,NULL,NULL,NULL,NULL,NULL,NULL,4,Houses,Social Rented,NULL,NULL,16,1,NULL,17
3349259,58416908,NULL,"Land adjacent to Village Hall, East of Cambridge Road, Ugley, Bishops Stortford, Hertfordshire
",CM22 6HR,NULL,NULL,NULL,1.07,NULL,0,16,16,NULL,NULL,NULL,NULL,NULL,NULL,NULL,NULL,NULL,NULL,NULL,13,Cars,0,44,NULL,14,NULL,NULL,NULL,NULL,NULL,4,NULL,NULL,NULL,NULL,NULL,NULL,NULL,NULL,2,Houses,Market Housing,NULL,2,3,5,NULL,10
3349259,58416908,NULL,"Land adjacent to Village Hall, East of Cambridge Road, Ugley, Bishops Stortford, Hertfordshire
",CM22 6HR,NULL,NULL,NULL,1.07,NULL,0,16,16,NULL,NULL,NULL,NULL,NULL,NULL,NULL,NULL,NULL,NULL,NULL,13,Cars,0,44,NULL,14,NULL,NULL,NULL,NULL,NULL,4,NULL,NULL,NULL,NULL,NULL,NULL,NULL,NULL,3,Houses,Social Rented,1,2,3,NULL,NULL,6
3350786,58755851,NULL,"Redland Filling Station
Hampton Road
Redland
Bristol",BS6 6JA,NULL,NULL,NULL,0.09,NULL,NULL,NULL,NULL,NULL,NULL,NULL,NULL,NULL,NULL,NULL,NULL,NULL,NULL,NULL,12,NULL,NULL,NULL,NULL,13,NULL,NULL,NULL,NULL,NULL,3,NULL,NULL,NULL,NULL,NULL,NULL,NULL,NULL,2,NULL,NULL,NULL,NULL,NULL,NULL,NULL,NULL
3351146,58828961,NULL,"22 and 24 St. Annes Road, London Colney, St. Albans, Herts, ",AL2 1LJ,NULL,NULL,NULL,0.1275,Hectares,2,5,3,NULL,NULL,NULL,NULL,NULL,NULL,NULL,NULL,NULL,NULL,NULL,12,Cars,0,10,10,14,NULL,NULL,NULL,NULL,NULL,3,Market Housing,Houses,NULL,NULL,2,NULL,NULL,2,2,Houses,Market Housing,NULL,NULL,5,NULL,NULL,5
3351146,58828961,NULL,"22 and 24 St. Annes Road, London Colney, St. Albans, Herts, ",AL2 1LJ,NULL,NULL,NULL,0.1275,Hectares,2,5,3,NULL,NULL,NULL,NULL,NULL,NULL,NULL,NULL,NULL,NULL,NULL,13,Cycle Spaces,0,10,10,14,NULL,NULL,NULL,NULL,NULL,3,Market Housing,Houses,NULL,NULL,2,NULL,NULL,2,2,Houses,Market Housing,NULL,NULL,5,NULL,NULL,5
3352232,59081192,NULL,"Unit H,
Eastgate Retail Park,
Eastgate Road,
Bristol
",BS5 6XX,NULL,NULL,NULL,0.007,Hectares,NULL,NULL,NULL,NULL,NULL,NULL,NULL,NULL,NULL,NULL,NULL,NULL,NULL,NULL,12,NULL,NULL,NULL,NULL,13,NULL,NULL,NULL,NULL,NULL,3,NULL,NULL,NULL,NULL,NULL,NULL,NULL,NULL,2,NULL,NULL,NULL,NULL,NULL,NULL,NULL,NULL
3353576,59393215,NULL,"20 Whiteladies Road
Bristol",BS8 2LG,357787,173663,NULL,0.03,Hectares,NULL,NULL,NULL,NULL,NULL,NULL,NULL,NULL,NULL,NULL,NULL,NULL,NULL,NULL,12,NULL,NULL,NULL,NULL,13,NULL,NULL,NULL,NULL,NULL,3,NULL,NULL,NULL,NULL,NULL,NULL,NULL,NULL,2,NULL,NULL,NULL,NULL,NULL,NULL,NULL,NULL
3354954,59734769,NULL,"23 Hillsborough Road,
Bristol
",BS4 3QW,NULL,NULL,NULL,0.02,Hectares,NULL,NULL,NULL,NULL,NULL,NULL,NULL,NULL,NULL,NULL,NULL,NULL,NULL,NULL,12,NULL,NULL,NULL,NULL,13,NULL,NULL,NULL,NULL,NULL,3,NULL,NULL,NULL,NULL,NULL,NULL,NULL,NULL,2,NULL,NULL,NULL,NULL,NULL,NULL,NULL,NULL
3354970,59737373,NULL,"8 Druid Stoke Avenue, 
Bristol",BS9 1DD,NULL,NULL,NULL,0.2,Hectares,NULL,1,NULL,NULL,NULL,NULL,NULL,NULL,NULL,NULL,NULL,NULL,NULL,NULL,12,NULL,NULL,NULL,NULL,13,NULL,NULL,NULL,NULL,NULL,3,NULL,NULL,NULL,NULL,NULL,NULL,NULL,NULL,2,Houses,NULL,NULL,NULL,NULL,1,NULL,1
3356346,60055854,NULL,"Redcliff Quay
120 Redcliff Street
Redcliff
Bristol",BS1 6HU,NULL,NULL,NULL,0.48,Hectares,NULL,NULL,NULL,NULL,NULL,NULL,NULL,NULL,NULL,NULL,NULL,NULL,NULL,NULL,12,NULL,NULL,NULL,NULL,13,NULL,NULL,NULL,NULL,NULL,3,NULL,NULL,NULL,NULL,NULL,NULL,NULL,NULL,2,NULL,NULL,NULL,NULL,NULL,NULL,NULL,NULL
3357271,60267979,NULL,"Former St John's School, 
Firle Road, 
Seaford, ",BN25 2HU,NULL,NULL,NULL,NULL,NULL,NULL,NULL,NULL,NULL,NULL,NULL,NULL,NULL,NULL,NULL,NULL,NULL,NULL,NULL,12,NULL,NULL,NULL,NULL,13,NULL,NULL,NULL,NULL,NULL,3,NULL,NULL,NULL,NULL,NULL,NULL,NULL,NULL,2,NULL,NULL,NULL,NULL,NULL,NULL,NULL,NULL
3357844,60418105,NULL,"Land North of Thaxted Road
Saffron Walden",NULL,NULL,NULL,NULL,NULL,NULL,NULL,55,NULL,NULL,NULL,NULL,NULL,NULL,NULL,NULL,NULL,NULL,NULL,NULL,12,NULL,NULL,NULL,NULL,13,NULL,NULL,NULL,NULL,NULL,3,NULL,NULL,NULL,NULL,NULL,NULL,NULL,NULL,2,NULL,NULL,NULL,NULL,NULL,NULL,NULL,NULL
3358488,60575261,NULL,"Land at Colne Spring Villa,
Colney Heath,
St Albans,",AL4 0PB,NULL,NULL,NULL,0.84,Hectares,NULL,9,9,NULL,NULL,NULL,NULL,NULL,NULL,NULL,NULL,NULL,NULL,NULL,12,NULL,NULL,NULL,NULL,13,NULL,NULL,NULL,NULL,NULL,3,NULL,NULL,NULL,NULL,NULL,NULL,NULL,NULL,2,Houses,Market Housing,NULL,6,3,NULL,NULL,9
3358911,60670811,NULL,"Land West of High Street,
Stebbing",NULL,565783,224641,NULL,5.84,NULL,0,28,28,NULL,NULL,NULL,NULL,NULL,NULL,NULL,NULL,NULL,NULL,NULL,15,Cars,0,59,59,16,NULL,NULL,NULL,NULL,NULL,6,NULL,NULL,NULL,NULL,NULL,NULL,NULL,NULL,2,Houses,Market Housing,0,5,3,3,0,11
3358911,60670811,NULL,"Land West of High Street,
Stebbing",NULL,565783,224641,NULL,5.84,NULL,0,28,28,NULL,NULL,NULL,NULL,NULL,NULL,NULL,NULL,NULL,NULL,NULL,15,Cars,0,59,59,16,NULL,NULL,NULL,NULL,NULL,6,NULL,NULL,NULL,NULL,NULL,NULL,NULL,NULL,3,Houses,Social Rented,3,4,1,0,0,8
3358911,60670811,NULL,"Land West of High Street,
Stebbing",NULL,565783,224641,NULL,5.84,NULL,0,28,28,NULL,NULL,NULL,NULL,NULL,NULL,NULL,NULL,NULL,NULL,NULL,15,Cars,0,59,59,16,NULL,NULL,NULL,NULL,NULL,6,NULL,NULL,NULL,NULL,NULL,NULL,NULL,NULL,4,Houses,NULL,3,0,0,0,0,3
3358911,60670811,NULL,"Land West of High Street,
Stebbing",NULL,565783,224641,NULL,5.84,NULL,0,28,28,NULL,NULL,NULL,NULL,NULL,NULL,NULL,NULL,NULL,NULL,NULL,15,Cars,0,59,59,16,NULL,NULL,NULL,NULL,NULL,6,NULL,NULL,NULL,NULL,NULL,NULL,NULL,NULL,5,Houses,NULL,0,1,2,0,0,3
3359892,60912700,NULL,"65 Lodge Causeway,
Fishponds,
Bristol",BS16 3JA,NULL,NULL,NULL,0.02,Hectares,NULL,NULL,NULL,NULL,NULL,NULL,NULL,NULL,NULL,NULL,NULL,NULL,NULL,NULL,12,NULL,NULL,NULL,NULL,13,NULL,NULL,NULL,NULL,NULL,3,NULL,NULL,NULL,NULL,NULL,NULL,NULL,NULL,2,NULL,NULL,NULL,NULL,NULL,NULL,NULL,NULL
3360113,60971760,NULL,"17 Clarendon Road,
Bristol",BS6 7EX,NULL,NULL,NULL,0.02,Hectares,NULL,1,NULL,NULL,328,191,157,-171,NULL,NULL,NULL,NULL,NULL,NULL,12,NULL,NULL,NULL,NULL,13,Other,NULL,NULL,NULL,NULL,3,NULL,NULL,NULL,NULL,NULL,NULL,NULL,NULL,2,Flats and Maisonettes,Market Housing,NULL,1,NULL,NULL,NULL,NULL
3360113,60971760,NULL,"17 Clarendon Road,
Bristol",BS6 7EX,NULL,NULL,NULL,0.02,Hectares,NULL,1,NULL,NULL,328,191,157,-171,NULL,NULL,NULL,NULL,NULL,NULL,12,NULL,NULL,NULL,NULL,14,Other,NULL,NULL,NULL,NULL,3,NULL,NULL,NULL,NULL,NULL,NULL,NULL,NULL,2,Flats and Maisonettes,Market Housing,NULL,1,NULL,NULL,NULL,NULL
3360299,61009201,NULL,"Bull Inn, 
333 Crews Hole Road,
Bristol",BS5 8BQ,NULL,NULL,NULL,0.17,Hectares,0,9,9,NULL,398.4,398.4,700,301.6,NULL,NULL,NULL,NULL,NULL,NULL,12,Cars,13,11,2,13,Other,NULL,NULL,NULL,NULL,3,NULL,NULL,NULL,NULL,NULL,NULL,NULL,NULL,2,Flats and Maisonettes,Market Housing,3,6,NULL,NULL,NULL,9
3360292,61010473,NULL,"14 Marlborough Street,
Bristol",BS5 6RH,NULL,NULL,NULL,0.02,Hectares,NULL,NULL,NULL,NULL,0,0,94,94,NULL,NULL,NULL,NULL,NULL,NULL,12,NULL,NULL,NULL,NULL,13,Other,NULL,NULL,NULL,NULL,3,NULL,NULL,NULL,NULL,NULL,NULL,NULL,NULL,2,NULL,NULL,NULL,NULL,NULL,NULL,NULL,NULL
3360374,61025737,NULL,"Land East at Lower Road, 
Little Hallingbury,
Essex",NULL,NULL,NULL,NULL,NULL,NULL,NULL,NULL,NULL,NULL,NULL,NULL,NULL,NULL,NULL,NULL,NULL,NULL,NULL,NULL,12,NULL,NULL,NULL,NULL,13,NULL,NULL,NULL,NULL,NULL,3,NULL,NULL,NULL,NULL,NULL,NULL,NULL,NULL,2,NULL,NULL,NULL,NULL,NULL,NULL,NULL,NULL
3360501,61058539,NULL,"37 Sandholme Road,
Brislington,
Bristol",BS4 3RP,NULL,NULL,NULL,0.02,Hectares,1,2,1,NULL,NULL,NULL,NULL,NULL,NULL,NULL,NULL,NULL,NULL,NULL,12,NULL,NULL,NULL,NULL,13,NULL,NULL,NULL,NULL,NULL,3,Market Housing,Houses,NULL,NULL,1,NULL,NULL,NULL,2,Flats and Maisonettes,Market Housing,NULL,2,NULL,NULL,NULL,NULL
3361117,61207413,NULL,"7 Redcatch Road, 
Bristol",BS4 2EP,NULL,NULL,NULL,0.02,Hectares,0,1,1,NULL,70,70,0,-70,NULL,NULL,NULL,NULL,NULL,NULL,12,Cycle Spaces,NULL,2,2,13,Other,NULL,NULL,NULL,NULL,3,NULL,NULL,NULL,NULL,NULL,NULL,NULL,NULL,2,Flats and Maisonettes,Market Housing,1,NULL,NULL,NULL,NULL,1
3361296,61248526,NULL,"265-267 Church Road,
Bristol",BS5 9HU,NULL,NULL,NULL,0.03,Hectares,NULL,NULL,NULL,273,414,414,687,687,NULL,NULL,NULL,NULL,NULL,NULL,12,Cycle Spaces,0,22,22,13,A1 Shops,NULL,NULL,NULL,NULL,3,NULL,NULL,NULL,NULL,NULL,NULL,NULL,NULL,2,NULL,NULL,NULL,NULL,NULL,NULL,NULL,NULL
3361506,61294696,NULL,"2 Merton Road,
Bristol",BS7 8TL,NULL,NULL,NULL,0.03,Hectares,NULL,NULL,NULL,NULL,414,414,687,-414,NULL,NULL,NULL,NULL,NULL,NULL,12,Cycle Spaces,0,22,22,13,A1 Shops,NULL,NULL,NULL,NULL,3,NULL,NULL,NULL,NULL,NULL,NULL,NULL,NULL,2,NULL,NULL,NULL,NULL,NULL,NULL,NULL,NULL
3361514,61295483,NULL,"265-267 Church Road,
Bristol",BS5 9HU,NULL,NULL,NULL,0.02,Hectares,NULL,NULL,NULL,16,230,187,43,203,NULL,NULL,NULL,NULL,NULL,NULL,12,Cycle Spaces,NULL,8,8,13,Other,NULL,NULL,NULL,NULL,3,NULL,NULL,NULL,NULL,NULL,NULL,NULL,NULL,2,NULL,NULL,NULL,NULL,NULL,NULL,NULL,NULL
3361514,61295483,NULL,"265-267 Church Road,
Bristol",BS5 9HU,NULL,NULL,NULL,0.02,Hectares,NULL,NULL,NULL,16,230,187,43,203,NULL,NULL,NULL,NULL,NULL,NULL,12,Cycle Spaces,NULL,8,8,14,Other,NULL,NULL,NULL,NULL,3,NULL,NULL,NULL,NULL,NULL,NULL,NULL,NULL,2,NULL,NULL,NULL,NULL,NULL,NULL,NULL,NULL
3361610,61324081,NULL,"10 Melvin Square and 1 Ilminster Avenue,
Knowle
Bristol City,
Bristol",BS4 1LZ,359386,170086,NULL,526,Square Metres,2,NULL,-2,600,325,0,446,78,NULL,NULL,NULL,NULL,NULL,NULL,12,Cars,1,1,0,13,Other,NULL,NULL,NULL,NULL,3,Market Housing,Houses,1,NULL,NULL,1,NULL,2,2,NULL,NULL,NULL,NULL,NULL,NULL,NULL,NULL
3361610,61324081,NULL,"10 Melvin Square and 1 Ilminster Avenue,
Knowle
Bristol City,
Bristol",BS4 1LZ,359386,170086,NULL,526,Square Metres,2,NULL,-2,600,325,0,446,78,NULL,NULL,NULL,NULL,NULL,NULL,12,Cars,1,1,0,14,Other,NULL,NULL,NULL,NULL,3,Market Housing,Houses,1,NULL,NULL,1,NULL,2,2,NULL,NULL,NULL,NULL,NULL,NULL,NULL,NULL
3361610,61324081,NULL,"10 Melvin Square and 1 Ilminster Avenue,
Knowle
Bristol City,
Bristol",BS4 1LZ,359386,170086,NULL,526,Square Metres,2,NULL,-2,600,325,0,446,78,NULL,NULL,NULL,NULL,NULL,NULL,12,Cars,1,1,0,15,Other,NULL,NULL,NULL,NULL,3,Market Housing,Houses,1,NULL,NULL,1,NULL,2,2,NULL,NULL,NULL,NULL,NULL,NULL,NULL,NULL
3361740,61359380,NULL,"43a (Land adjacent to 43),
Ambleside Avenue,
Bristol",NULL,357707,178268,NULL,131,Square Metres,0,1,1,NULL,NULL,NULL,NULL,NULL,NULL,NULL,NULL,NULL,NULL,NULL,12,NULL,NULL,NULL,NULL,13,NULL,NULL,NULL,NULL,NULL,3,NULL,NULL,NULL,NULL,NULL,NULL,NULL,NULL,2,Houses,Market Housing,NULL,NULL,1,NULL,NULL,1
3362717,61617805,NULL,"399 Filton Avenue,
Bristol",BS7 0LH,360312,177618,NULL,340,Square Metres,NULL,NULL,NULL,NULL,NULL,NULL,NULL,NULL,NULL,NULL,NULL,NULL,NULL,NULL,12,NULL,NULL,NULL,NULL,13,NULL,NULL,NULL,NULL,NULL,3,NULL,NULL,NULL,NULL,NULL,NULL,NULL,NULL,2,NULL,NULL,NULL,NULL,NULL,NULL,NULL,NULL
3362803,61622904,NULL,"7 Bellevue Cottages,
Clifton,
Bristol,",BS8 4TG,NULL,NULL,NULL,0.01,Hectares,NULL,NULL,NULL,NULL,NULL,NULL,NULL,NULL,NULL,NULL,NULL,NULL,NULL,NULL,12,Cars,1,1,0,13,NULL,NULL,NULL,NULL,NULL,3,NULL,NULL,NULL,NULL,NULL,NULL,NULL,NULL,2,NULL,NULL,NULL,NULL,NULL,NULL,NULL,NULL
3363062,61689371,NULL,"Land west of Birchanger Lane, Birchanger (Site A)
Land at Tot Lane, Birchanger (Site B)
Land at Forest Hall Road, Stansted Mountfitchet (Site D) and Land south of Forest Hall Road, Stansted Mountfitchet (Site E)
Land between Parsonage Lane and Forest Hall School, Stansted Mountfitchet (Site F)
Land east of Parsonage Lane and south of Forest Hall School, Stansted Mountfitchet (Site G)",NULL,NULL,NULL,NULL,NULL,NULL,NULL,NULL,NULL,NULL,NULL,NULL,NULL,NULL,NULL,NULL,NULL,NULL,NULL,NULL,12,NULL,NULL,NULL,NULL,13,NULL,NULL,NULL,NULL,NULL,3,NULL,NULL,NULL,NULL,NULL,NULL,NULL,NULL,2,NULL,NULL,NULL,NULL,NULL,NULL,NULL,NULL
3363190,61727890,NULL,"Land located between Thaxted substation and The Cutlers Solar Farm site, Thaxted",NULL,562271,232363,NULL,3.4,Hectares,NULL,NULL,NULL,NULL,NULL,NULL,NULL,NULL,NULL,NULL,NULL,NULL,NULL,NULL,12,NULL,NULL,NULL,NULL,13,NULL,NULL,NULL,NULL,NULL,3,NULL,NULL,NULL,NULL,NULL,NULL,NULL,NULL,2,NULL,NULL,NULL,NULL,NULL,NULL,NULL,NULL
3364167,61960454,NULL,"Land to the east of Cox Ley, Hatfield Heath, Essex",NULL,NULL,NULL,NULL,NULL,NULL,NULL,NULL,NULL,NULL,NULL,NULL,NULL,NULL,NULL,NULL,NULL,NULL,NULL,NULL,12,NULL,NULL,NULL,NULL,13,NULL,NULL,NULL,NULL,NULL,3,NULL,NULL,NULL,NULL,NULL,NULL,NULL,NULL,2,NULL,NULL,NULL,NULL,NULL,NULL,NULL,NULL
3364272,61988727,NULL,"7 Belvedere Road,
Westbury Park,
Bristol",BS6 7JG,NULL,NULL,NULL,0.036,Hectares,3,12,NULL,11,485,485,496,11,NULL,NULL,NULL,NULL,NULL,NULL,12,Cycle Spaces,0,8,8,13,C2 Residential Institutions,NULL,NULL,NULL,NULL,3,Market Housing,Flats and Maisonettes,NULL,2,NULL,1,NULL,3,2,Unknown,Market Housing,NULL,NULL,NULL,12,NULL,12
3364586,62031925,NULL,"Ground Floor Flat,
6 Gordon Road,
Clifton,
Bristol",BS8 1AP,NULL,NULL,NULL,0.07,Hectares,0,1,1,0,84.52,84.52,84.52,0,NULL,NULL,NULL,NULL,NULL,NULL,12,NULL,NULL,NULL,NULL,13,Other,NULL,NULL,NULL,NULL,3,NULL,NULL,NULL,NULL,NULL,NULL,NULL,NULL,2,Flats and Maisonettes,Market Housing,NULL,1,NULL,NULL,NULL,1
3364562,62035360,NULL,"87A Redland Road,
Redland,
Bristol",BS6 6RD,NULL,NULL,NULL,383,Square Metres,NULL,10,-1,NULL,NULL,NULL,NULL,NULL,NULL,NULL,NULL,NULL,NULL,NULL,12,NULL,NULL,NULL,NULL,13,NULL,NULL,NULL,NULL,NULL,3,Market Housing,Flats and Maisonettes,NULL,NULL,NULL,NULL,1,NULL,2,Bedsit/Studios,Market Housing,NULL,NULL,NULL,10,NULL,10
3364589,62049112,NULL,"4 The Mont,
St Andrew's Road,
Bristol,",BS6 5ED,NULL,NULL,NULL,0.01,Hectares,1,NULL,-1,NULL,0,0,98,98,NULL,NULL,NULL,NULL,NULL,NULL,12,Cars,1,1,0,14,Other,NULL,NULL,NULL,NULL,3,Market Housing,Houses,NULL,NULL,1,NULL,NULL,1,2,NULL,NULL,NULL,NULL,NULL,NULL,NULL,NULL
3364589,62049112,NULL,"4 The Mont,
St Andrew's Road,
Bristol,",BS6 5ED,NULL,NULL,NULL,0.01,Hectares,1,NULL,-1,NULL,0,0,98,98,NULL,NULL,NULL,NULL,NULL,NULL,13,Cycle Spaces,NULL,4,4,14,Other,NULL,NULL,NULL,NULL,3,Market Housing,Houses,NULL,NULL,1,NULL,NULL,1,2,NULL,NULL,NULL,NULL,NULL,NULL,NULL,NULL
3365009,62132629,NULL,"Land to the Rear of 6 Tyndalls Park Road,
Cotham,
Bristol,",BS8 1PY,NULL,NULL,NULL,0.014,Hectares,0,1,1,NULL,NULL,NULL,NULL,NULL,NULL,NULL,NULL,NULL,NULL,NULL,12,Cars,4,0,-4,14,NULL,NULL,NULL,NULL,NULL,3,NULL,NULL,NULL,NULL,NULL,NULL,NULL,NULL,2,Houses,Market Housing,NULL,NULL,1,NULL,NULL,1
3365009,62132629,NULL,"Land to the Rear of 6 Tyndalls Park Road,
Cotham,
Bristol,",BS8 1PY,NULL,NULL,NULL,0.014,Hectares,0,1,1,NULL,NULL,NULL,NULL,NULL,NULL,NULL,NULL,NULL,NULL,NULL,13,Cycle Spaces,0,2,2,14,NULL,NULL,NULL,NULL,NULL,3,NULL,NULL,NULL,NULL,NULL,NULL,NULL,NULL,2,Houses,Market Housing,NULL,NULL,1,NULL,NULL,1
3365002,62132889,NULL,"Land to the Rear of 9 Priory Road,
Clifton,
Bristol,",BS8 1PY,NULL,NULL,NULL,0.01,Hectares,NULL,1,1,NULL,NULL,NULL,NULL,NULL,NULL,NULL,NULL,NULL,NULL,NULL,12,Cars,2,1,1,14,NULL,NULL,NULL,NULL,NULL,3,NULL,NULL,NULL,NULL,NULL,NULL,NULL,NULL,2,Houses,Market Housing,NULL,NULL,NULL,1,NULL,1
3365002,62132889,NULL,"Land to the Rear of 9 Priory Road,
Clifton,
Bristol,",BS8 1PY,NULL,NULL,NULL,0.01,Hectares,NULL,1,1,NULL,NULL,NULL,NULL,NULL,NULL,NULL,NULL,NULL,NULL,NULL,13,Cycle Spaces,0,4,4,14,NULL,NULL,NULL,NULL,NULL,3,NULL,NULL,NULL,NULL,NULL,NULL,NULL,NULL,2,Houses,Market Housing,NULL,NULL,NULL,1,NULL,1
3366773,62502509,NULL,"237/237A Gloucester Road,
Bristol",BS7 8NX,NULL,NULL,NULL,0.03,Hectares,2,0,-2,98,0,0,240,240,NULL,NULL,NULL,NULL,NULL,NULL,12,Cycle Spaces,0,12,12,13,Other,NULL,NULL,NULL,NULL,3,Market Housing,Flats and Maisonettes,NULL,NULL,NULL,2,NULL,2,2,NULL,NULL,NULL,NULL,NULL,NULL,NULL,NULL
3367512,62667044,NULL,"7 Redcatch Road, 
Bristol,",BS4 2EP,NULL,NULL,NULL,0.02,Hectares,0,1,1,NULL,70,70,0,-70,NULL,NULL,NULL,NULL,NULL,NULL,12,Cycle Spaces,NULL,2,2,13,Other,NULL,NULL,NULL,NULL,3,NULL,NULL,NULL,NULL,NULL,NULL,NULL,NULL,2,Flats and Maisonettes,Market Housing,1,NULL,NULL,NULL,NULL,1
3367902,62759342,NULL,"11-13 Whiteladies Road,
Clifton,
Bristol",BS8 1PB,357831,173532,NULL,0.0662,NULL,NULL,NULL,NULL,-214,214,214,4 rooms,4 rooms,NULL,NULL,NULL,NULL,NULL,NULL,12,Cars,10,0,10,14,C1 Hotels and Halls of Residence,NULL,NULL,NULL,NULL,3,NULL,NULL,NULL,NULL,NULL,NULL,NULL,NULL,2,NULL,NULL,NULL,NULL,NULL,NULL,NULL,NULL
3369181,63074771,NULL,"66 Church Road,
Bristol
",BS5 9JY,NULL,NULL,NULL,0.04,Hectares,0,9,9,-407,407,407,0,-407,NULL,NULL,NULL,NULL,NULL,NULL,13,Cycle Spaces,0,14,14,14,Other,NULL,NULL,NULL,NULL,4,NULL,NULL,NULL,NULL,NULL,NULL,NULL,NULL,2,Houses,Market Housing,NULL,3,NULL,NULL,NULL,3
3369181,63074771,NULL,"66 Church Road,
Bristol
",BS5 9JY,NULL,NULL,NULL,0.04,Hectares,0,9,9,-407,407,407,0,-407,NULL,NULL,NULL,NULL,NULL,NULL,13,Cycle Spaces,0,14,14,14,Other,NULL,NULL,NULL,NULL,4,NULL,NULL,NULL,NULL,NULL,NULL,NULL,NULL,3,Flats and Maisonettes,Market Housing,4,2,NULL,NULL,NULL,6
3370226,63299694,NULL,"110-112 The Assembly, East Street, Bedminster, Bristol",BS3 4EY,358502,171563,NULL,0.0645,Hectares,0,1,1,-299,353,353,54,-353,NULL,NULL,NULL,NULL,NULL,NULL,12,Cycle Spaces,0,8,8,14,Other,NULL,NULL,NULL,NULL,3,NULL,NULL,NULL,NULL,NULL,NULL,NULL,NULL,2,Cluster Flats,Market Housing,NULL,NULL,NULL,1,NULL,NULL
3370226,63299694,NULL,"110-112 The Assembly, East Street, Bedminster, Bristol",BS3 4EY,358502,171563,NULL,0.0645,Hectares,0,1,1,-299,353,353,54,-353,NULL,NULL,NULL,NULL,NULL,NULL,12,Cycle Spaces,0,8,8,13,A4 Drinking Establishments,NULL,NULL,NULL,NULL,3,NULL,NULL,NULL,NULL,NULL,NULL,NULL,NULL,2,Cluster Flats,Market Housing,NULL,NULL,NULL,1,NULL,NULL
3370418,63346283,NULL,"144 Whitehall Road, Bristol",BS5 9BP ,361339,173771,NULL,0.0122,Hectares,1,3,2,0,61.5,61.5,0,0,NULL,NULL,NULL,NULL,NULL,NULL,12,Cars,1,1,NULL,14,Other,NULL,NULL,NULL,NULL,3,Market Housing,Flats and Maisonettes,NULL,1,NULL,NULL,NULL,1,2,Flats and Maisonettes,Market Housing,1,2,NULL,NULL,NULL,3
3370418,63346283,NULL,"144 Whitehall Road, Bristol",BS5 9BP ,361339,173771,NULL,0.0122,Hectares,1,3,2,0,61.5,61.5,0,0,NULL,NULL,NULL,NULL,NULL,NULL,13,Cycle Spaces,0,5,NULL,14,Other,NULL,NULL,NULL,NULL,3,Market Housing,Flats and Maisonettes,NULL,1,NULL,NULL,NULL,1,2,Flats and Maisonettes,Market Housing,1,2,NULL,NULL,NULL,3
3370511,63357980,NULL,"11-13 Whiteladies Road, Bristol, ",BS8 1PB,357831,173532,NULL,0.1082,Hectares,NULL,NULL,NULL,0,983.6,983.6,983.6,983.6,NULL,NULL,NULL,NULL,NULL,NULL,12,Cars,20,12,-8,14,Other,NULL,NULL,NULL,NULL,3,NULL,NULL,NULL,NULL,NULL,NULL,NULL,NULL,2,NULL,NULL,NULL,NULL,NULL,NULL,NULL,NULL
3370511,63357980,NULL,"11-13 Whiteladies Road, Bristol, ",BS8 1PB,357831,173532,NULL,0.1082,Hectares,NULL,NULL,NULL,0,983.6,983.6,983.6,983.6,NULL,NULL,NULL,NULL,NULL,NULL,13,Cycle Spaces,0,10,10,14,Other,NULL,NULL,NULL,NULL,3,NULL,NULL,NULL,NULL,NULL,NULL,NULL,NULL,2,NULL,NULL,NULL,NULL,NULL,NULL,NULL,NULL
3372002,63645447,NULL,"286-292 Wells Road, Bristol",BS4 2PU,NULL,NULL,Yes,0.05,Hectares,0,9,9,-498,715,715,217,-715,Full planning application for the conversion of upper floors of existing buildings (bank and ancillary,,,,,,,,,,,,,,,,,,,,,,,,,,,,,,,,,,
"office space (Use Class E(c(i)) to provide 9 no. self-contained flats, including refuse, recycling and cycle",,,,,,,,,,,,,,,,,,,,,,,,,,,,,,,,,,,,,,,,,,,,,,,,,,,,
"storage at ground floor level, partial demolition to rear ground floor level, first floor rear extension, removal",,,,,,,,,,,,,,,,,,,,,,,,,,,,,,,,,,,,,,,,,,,,,,,,,,,,
"of hipped roof to rear extension, and erection of a mansard roof extension. Sub-division of existing",,,,,,,,,,,,,,,,,,,,,,,,,,,,,,,,,,,,,,,,,,,,,,,,,,,,
"commercial unit at ground floor level to create 2no. commercial units, and installation of replacement",,,,,,,,,,,,,,,,,,,,,,,,,,,,,,,,,,,,,,,,,,,,,,,,,,,,
shopfronts,No,NULL,NULL,NULL,NULL,13,Cycle Spaces,0,16,16,15,Other,NULL,NULL,NULL,NULL,3,NULL,NULL,NULL,NULL,NULL,NULL,NULL,NULL,2,Flats and Maisonettes,Market Housing,6,3,NULL,NULL,NULL,9,,,,,,,,,,,,,,,,,,
3372002,63645447,NULL,"286-292 Wells Road, Bristol",BS4 2PU,NULL,NULL,Yes,0.05,Hectares,0,9,9,-498,715,715,217,-715,Full planning application for the conversion of upper floors of existing buildings (bank and ancillary,,,,,,,,,,,,,,,,,,,,,,,,,,,,,,,,,,
"office space (Use Class E(c(i)) to provide 9 no. self-contained flats, including refuse, recycling and cycle",,,,,,,,,,,,,,,,,,,,,,,,,,,,,,,,,,,,,,,,,,,,,,,,,,,,
"storage at ground floor level, partial demolition to rear ground floor level, first floor rear extension, removal",,,,,,,,,,,,,,,,,,,,,,,,,,,,,,,,,,,,,,,,,,,,,,,,,,,,
"of hipped roof to rear extension, and erection of a mansard roof extension. Sub-division of existing",,,,,,,,,,,,,,,,,,,,,,,,,,,,,,,,,,,,,,,,,,,,,,,,,,,,
"commercial unit at ground floor level to create 2no. commercial units, and installation of replacement",,,,,,,,,,,,,,,,,,,,,,,,,,,,,,,,,,,,,,,,,,,,,,,,,,,,
shopfronts,No,NULL,NULL,NULL,NULL,13,Cycle Spaces,0,16,16,14,Other,NULL,NULL,NULL,NULL,3,NULL,NULL,NULL,NULL,NULL,NULL,NULL,NULL,2,Flats and Maisonettes,Market Housing,6,3,NULL,NULL,NULL,9,,,,,,,,,,,,,,,,,,
3372002,63645447,NULL,"286-292 Wells Road, Bristol",BS4 2PU,NULL,NULL,Yes,0.05,Hectares,0,9,9,-498,715,715,217,-715,Full planning application for the conversion of upper floors of existing buildings (bank and ancillary,,,,,,,,,,,,,,,,,,,,,,,,,,,,,,,,,,
"office space (Use Class E(c(i)) to provide 9 no. self-contained flats, including refuse, recycling and cycle",,,,,,,,,,,,,,,,,,,,,,,,,,,,,,,,,,,,,,,,,,,,,,,,,,,,
"storage at ground floor level, partial demolition to rear ground floor level, first floor rear extension, removal",,,,,,,,,,,,,,,,,,,,,,,,,,,,,,,,,,,,,,,,,,,,,,,,,,,,
"of hipped roof to rear extension, and erection of a mansard roof extension. Sub-division of existing",,,,,,,,,,,,,,,,,,,,,,,,,,,,,,,,,,,,,,,,,,,,,,,,,,,,
"commercial unit at ground floor level to create 2no. commercial units, and installation of replacement",,,,,,,,,,,,,,,,,,,,,,,,,,,,,,,,,,,,,,,,,,,,,,,,,,,,
shopfronts,No,NULL,NULL,NULL,NULL,12,Cars,2,0,-2,15,Other,NULL,NULL,NULL,NULL,3,NULL,NULL,NULL,NULL,NULL,NULL,NULL,NULL,2,Flats and Maisonettes,Market Housing,6,3,NULL,NULL,NULL,9,,,,,,,,,,,,,,,,,,
3372002,63645447,NULL,"286-292 Wells Road, Bristol",BS4 2PU,NULL,NULL,Yes,0.05,Hectares,0,9,9,-498,715,715,217,-715,Full planning application for the conversion of upper floors of existing buildings (bank and ancillary,,,,,,,,,,,,,,,,,,,,,,,,,,,,,,,,,,
"office space (Use Class E(c(i)) to provide 9 no. self-contained flats, including refuse, recycling and cycle",,,,,,,,,,,,,,,,,,,,,,,,,,,,,,,,,,,,,,,,,,,,,,,,,,,,
"storage at ground floor level, partial demolition to rear ground floor level, first floor rear extension, removal",,,,,,,,,,,,,,,,,,,,,,,,,,,,,,,,,,,,,,,,,,,,,,,,,,,,
"of hipped roof to rear extension, and erection of a mansard roof extension. Sub-division of existing",,,,,,,,,,,,,,,,,,,,,,,,,,,,,,,,,,,,,,,,,,,,,,,,,,,,
"commercial unit at ground floor level to create 2no. commercial units, and installation of replacement",,,,,,,,,,,,,,,,,,,,,,,,,,,,,,,,,,,,,,,,,,,,,,,,,,,,
shopfronts,No,NULL,NULL,NULL,NULL,12,Cars,2,0,-2,14,Other,NULL,NULL,NULL,NULL,3,NULL,NULL,NULL,NULL,NULL,NULL,NULL,NULL,2,Flats and Maisonettes,Market Housing,6,3,NULL,NULL,NULL,9,,,,,,,,,,,,,,,,,,
3372455,63711532,NULL,"land to the rear of No 61 Cotmans Walk, Lockleaze, Bristol, ",BS7 9UG,NULL,NULL,NULL,150,Square Metres,0,1,1,NULL,NULL,NULL,NULL,NULL,NULL,No,NULL,NULL,NULL,NULL,12,Cars,0,1,1,13,NULL,NULL,NULL,NULL,NULL,3,NULL,NULL,NULL,NULL,NULL,NULL,NULL,NULL,2,Houses,Market Housing,NULL,1,NULL,NULL,NULL,1
3372727,63774585,NULL,"Unit 7 Newbridge Trading Estate, Newbridge Close, St. Anne's, Bristol",BS4 4AX,NULL,NULL,Yes,364,Square Metres,NULL,NULL,NULL,0,364,364,364,0,A change of use from an office use (Use Class E.G.i) to an office (Use Class E.G.i) or educational use (Use Class F.1) using Class V of Part 3 of Schedule 2 of The Town and Country Planning (General Permitted Development) (England) Order 2015.,NULL,NULL,NULL,NULL,NULL,13,Cycle Spaces,0,8,8,15,Other,NULL,NULL,NULL,NULL,3,NULL,NULL,NULL,NULL,NULL,NULL,NULL,NULL,2,NULL,NULL,NULL,NULL,NULL,NULL,NULL,NULL
3372727,63774585,NULL,"Unit 7 Newbridge Trading Estate, Newbridge Close, St. Anne's, Bristol",BS4 4AX,NULL,NULL,Yes,364,Square Metres,NULL,NULL,NULL,0,364,364,364,0,A change of use from an office use (Use Class E.G.i) to an office (Use Class E.G.i) or educational use (Use Class F.1) using Class V of Part 3 of Schedule 2 of The Town and Country Planning (General Permitted Development) (England) Order 2015.,NULL,NULL,NULL,NULL,NULL,12,Cars,10,9,-1,15,Other,NULL,NULL,NULL,NULL,3,NULL,NULL,NULL,NULL,NULL,NULL,NULL,NULL,2,NULL,NULL,NULL,NULL,NULL,NULL,NULL,NULL
3373065,63841099,NULL,"2-5 Highland, Clifton, Bristol",BS8 2YB,NULL,NULL,Yes,0.025,Hectares,1,4,4,-283,283,283,0,-283,NULL,No,NULL,NULL,NULL,NULL,12,Cars,8,0,-8,14,B2 General Industrial,NULL,NULL,NULL,NULL,3,Market Housing,Flats and Maisonettes,NULL,NULL,NULL,1,NULL,1,2,Flats and Maisonettes,Market Housing,2,2,NULL,NULL,NULL,4
3373065,63841099,NULL,"2-5 Highland, Clifton, Bristol",BS8 2YB,NULL,NULL,Yes,0.025,Hectares,1,4,4,-283,283,283,0,-283,NULL,No,NULL,NULL,NULL,NULL,13,Cycle Spaces,0,9,9,14,B2 General Industrial,NULL,NULL,NULL,NULL,3,Market Housing,Flats and Maisonettes,NULL,NULL,NULL,1,NULL,1,2,Flats and Maisonettes,Market Housing,2,2,NULL,NULL,NULL,4
3373019,63843192,NULL,"1-3 High Street, Bristol",BS9 3DR,NULL,NULL,Yes,0.02,Hectares,0,2,2,158,158,158,0,-158,NULL,No,NULL,NULL,NULL,NULL,12,Cycle Spaces,NULL,8,8,13,Other,NULL,NULL,NULL,NULL,3,NULL,NULL,NULL,NULL,NULL,NULL,NULL,NULL,2,Flats and Maisonettes,Market Housing,2,NULL,NULL,NULL,NULL,2
3373422,63924674,NULL,"6-8 Emery Road, Brislington, Bristol ",BS4 5PF,NULL,NULL,Yes,0.43,Hectares,NULL,NULL,NULL,NULL,NULL,NULL,465.2,NULL,NULL,No,NULL,NULL,NULL,NULL,14,Cycle Spaces,NULL,6,6,15,B2 General Industrial,NULL,NULL,NULL,NULL,3,NULL,NULL,NULL,NULL,NULL,NULL,NULL,NULL,2,NULL,NULL,NULL,NULL,NULL,NULL,NULL,NULL
3373422,63924674,NULL,"6-8 Emery Road, Brislington, Bristol ",BS4 5PF,NULL,NULL,Yes,0.43,Hectares,NULL,NULL,NULL,NULL,NULL,NULL,465.2,NULL,NULL,No,NULL,NULL,NULL,NULL,12,Cars,NULL,8,8,15,B2 General Industrial,NULL,NULL,NULL,NULL,3,NULL,NULL,NULL,NULL,NULL,NULL,NULL,NULL,2,NULL,NULL,NULL,NULL,NULL,NULL,NULL,NULL
3373422,63924674,NULL,"6-8 Emery Road, Brislington, Bristol ",BS4 5PF,NULL,NULL,Yes,0.43,Hectares,NULL,NULL,NULL,NULL,NULL,NULL,465.2,NULL,NULL,No,NULL,NULL,NULL,NULL,13,Light Goods Vehicles/Public Carrier Vehicles,NULL,5,5,15,B2 General Industrial,NULL,NULL,NULL,NULL,3,NULL,NULL,NULL,NULL,NULL,NULL,NULL,NULL,2,NULL,NULL,NULL,NULL,NULL,NULL,NULL,NULL
3373427,63926823,NULL,NULL,NULL,NULL,NULL,NULL,NULL,NULL,NULL,NULL,NULL,NULL,NULL,NULL,NULL,NULL,NULL,NULL,NULL,NULL,NULL,NULL,12,NULL,NULL,NULL,NULL,13,NULL,NULL,NULL,NULL,NULL,3,NULL,NULL,NULL,NULL,NULL,NULL,NULL,NULL,2,NULL,NULL,NULL,NULL,NULL,NULL,NULL,NULL
3373769,63987613,NULL,"Second Floor Flat, 224 Bath Road, Bristol",BS4 3EQ,NULL,NULL,NULL,440,Square Metres,NULL,NULL,0,NULL,NULL,NULL,NULL,NULL,Proposed - 1no. three-bedroom (market) small dwelling house in multiple occupation (Use Class C4),NULL,NULL,NULL,NULL,NULL,12,Cycle Spaces,0,2,2,13,NULL,NULL,NULL,NULL,NULL,3,Market Housing,Flats and Maisonettes,1,NULL,NULL,NULL,NULL,NULL,2,Bedsit/Studios,Market Housing,NULL,NULL,1,NULL,NULL,NULL
3374024,64046274,NULL,"2 Merton Road, Bristol",BS7 8TL,NULL,NULL,NULL,0.03,Hectares,NULL,NULL,NULL,273,414,414,651,651,NULL,NULL,NULL,NULL,NULL,NULL,12,Cycle Spaces,NULL,22,22,14,Other,NULL,NULL,NULL,NULL,3,NULL,NULL,NULL,NULL,NULL,NULL,NULL,NULL,2,NULL,NULL,NULL,NULL,NULL,NULL,NULL,NULL
3374024,64046274,NULL,"2 Merton Road, Bristol",BS7 8TL,NULL,NULL,NULL,0.03,Hectares,NULL,NULL,NULL,273,414,414,651,651,NULL,NULL,NULL,NULL,NULL,NULL,12,Cycle Spaces,NULL,22,22,13,B8 Storage and Distribution,NULL,NULL,NULL,NULL,3,NULL,NULL,NULL,NULL,NULL,NULL,NULL,NULL,2,NULL,NULL,NULL,NULL,NULL,NULL,NULL,NULL
3374612,64192138,NULL,"Cotham School, Cotham Lawn Road, Bristol",BS6 6DT,NULL,NULL,NULL,0.681,Hectares,NULL,NULL,NULL,NULL,NULL,NULL,NULL,NULL,NULL,No,NULL,NULL,NULL,NULL,12,NULL,NULL,NULL,NULL,13,NULL,NULL,NULL,NULL,NULL,3,NULL,NULL,NULL,NULL,NULL,NULL,NULL,NULL,2,NULL,NULL,NULL,NULL,NULL,NULL,NULL,NULL
3374641,64199315,NULL,"Stoke Lodge Playing Fields, 
West Dene,
Shirehampton,
Bristol
",BS9 2BH,NULL,NULL,NULL,0.1,Hectares,NULL,NULL,NULL,NULL,NULL,NULL,NULL,NULL,NULL,NULL,NULL,NULL,NULL,NULL,12,NULL,NULL,NULL,NULL,13,NULL,NULL,NULL,NULL,NULL,3,NULL,NULL,NULL,NULL,NULL,NULL,NULL,NULL,2,NULL,NULL,NULL,NULL,NULL,NULL,NULL,NULL
3374771,64238131,NULL,"11-13 Whiteladies Road, Bristol",BS8 1PH ,357831,173532,Yes,0.0662,Hectares,NULL,NULL,NULL,117.2,214,214,331.2,331.2,NULL,No,NULL,NULL,NULL,NULL,12,Cars,8,0,-8,15,Other,NULL,NULL,NULL,NULL,3,NULL,NULL,NULL,NULL,NULL,NULL,NULL,NULL,2,NULL,NULL,NULL,NULL,NULL,NULL,NULL,NULL
3374771,64238131,NULL,"11-13 Whiteladies Road, Bristol",BS8 1PH ,357831,173532,Yes,0.0662,Hectares,NULL,NULL,NULL,117.2,214,214,331.2,331.2,NULL,No,NULL,NULL,NULL,NULL,13,Cycle Spaces,0,14,14,15,Other,NULL,NULL,NULL,NULL,3,NULL,NULL,NULL,NULL,NULL,NULL,NULL,NULL,2,NULL,NULL,NULL,NULL,NULL,NULL,NULL,NULL
3374821,64244897,NULL,"66 Church Road, Bristol",BS5 9JY,NULL,NULL,Yes,0.04,Hectares,0,9,9,-407,407,407,0,-407,NULL,No,NULL,NULL,NULL,NULL,13,Cycle Spaces,0,14,14,14,Other,NULL,NULL,NULL,NULL,4,NULL,NULL,NULL,NULL,NULL,NULL,NULL,NULL,2,Houses,Market Housing,NULL,3,NULL,NULL,NULL,3
3374821,64244897,NULL,"66 Church Road, Bristol",BS5 9JY,NULL,NULL,Yes,0.04,Hectares,0,9,9,-407,407,407,0,-407,NULL,No,NULL,NULL,NULL,NULL,13,Cycle Spaces,0,14,14,14,Other,NULL,NULL,NULL,NULL,4,NULL,NULL,NULL,NULL,NULL,NULL,NULL,NULL,3,Flats and Maisonettes,Market Housing,4,2,NULL,NULL,NULL,6
3374895,64264576,NULL,"357 Filton Avenue, Horfield, Bristol",BS7 0BD ,360258,177489,Yes,339,Square Metres,1,1,0,-150,320,320,45,45,NULL,No,NULL,NULL,NULL,NULL,12,Cycle Spaces,0,6,8,13,Other,NULL,NULL,NULL,NULL,3,Market Housing,Flats and Maisonettes,0,1,0,0,0,1,2,Flats and Maisonettes,Market Housing,0,0,1,0,0,1
3375423,64396048,NULL,"72-74 Gloucester Road, Bristol",BS7 8BF,35899,175154,Yes,272,Square Metres,NULL,NULL,NULL,98.8,343,218,441.9,98.8,n/a,No,NULL,NULL,NULL,NULL,12,Cars,2,0,-2,15,Other,NULL,NULL,NULL,NULL,3,NULL,NULL,NULL,NULL,NULL,NULL,NULL,NULL,2,NULL,NULL,NULL,NULL,NULL,NULL,NULL,NULL
3375423,64396048,NULL,"72-74 Gloucester Road, Bristol",BS7 8BF,35899,175154,Yes,272,Square Metres,NULL,NULL,NULL,98.8,343,218,441.9,98.8,n/a,No,NULL,NULL,NULL,NULL,13,Cycle Spaces,0,10,10,15,Other,NULL,NULL,NULL,NULL,3,NULL,NULL,NULL,NULL,NULL,NULL,NULL,NULL,2,NULL,NULL,NULL,NULL,NULL,NULL,NULL,NULL
3375478,64409332,NULL,"26 Sturdon Road, Bristol",BS3 2BA,NULL,NULL,Yes,115,Square Metres,1,0,-1,116,0,0,116,116,NULL,No,NULL,NULL,NULL,NULL,12,Cycle Spaces,0,6,6,13,Other,NULL,NULL,NULL,NULL,3,Market Housing,Houses,0,0,1,0,0,1,2,NULL,NULL,NULL,NULL,NULL,NULL,NULL,NULL
3375640,64450979,NULL,"Castle House, Brentry Avenue, Bristol",BS5 0DL,NULL,NULL,Yes,430,Square Metres,0,8,8,-530,530,530,0,-530,NULL,No,NULL,NULL,NULL,NULL,12,Cycle Spaces,0,26,26,13,B8 Storage and Distribution,NULL,NULL,NULL,NULL,3,NULL,NULL,NULL,NULL,NULL,NULL,NULL,NULL,2,Houses,Market Housing,0,0,2,6,0,1
3376036,64547079,NULL,"110 - 112 The assembly, East Street, Bedminster, Bristol",BS3 4EY,358502,171563,NULL,0.0645,Hectares,NULL,NULL,1,-209,353,353,54,-353,NULL,No,NULL,NULL,NULL,NULL,12,Cars,0,0,0,14,Other,NULL,NULL,NULL,NULL,3,Market Housing,Cluster Flats,NULL,NULL,NULL,1,NULL,NULL,2,NULL,NULL,NULL,NULL,NULL,NULL,NULL,NULL
3376036,64547079,NULL,"110 - 112 The assembly, East Street, Bedminster, Bristol",BS3 4EY,358502,171563,NULL,0.0645,Hectares,NULL,NULL,1,-209,353,353,54,-353,NULL,No,NULL,NULL,NULL,NULL,12,Cars,0,0,0,15,Other,NULL,NULL,NULL,NULL,3,Market Housing,Cluster Flats,NULL,NULL,NULL,1,NULL,NULL,2,NULL,NULL,NULL,NULL,NULL,NULL,NULL,NULL
3376036,64547079,NULL,"110 - 112 The assembly, East Street, Bedminster, Bristol",BS3 4EY,358502,171563,NULL,0.0645,Hectares,NULL,NULL,1,-209,353,353,54,-353,NULL,No,NULL,NULL,NULL,NULL,13,Cycle Spaces,0,8,8,14,Other,NULL,NULL,NULL,NULL,3,Market Housing,Cluster Flats,NULL,NULL,NULL,1,NULL,NULL,2,NULL,NULL,NULL,NULL,NULL,NULL,NULL,NULL
3376036,64547079,NULL,"110 - 112 The assembly, East Street, Bedminster, Bristol",BS3 4EY,358502,171563,NULL,0.0645,Hectares,NULL,NULL,1,-209,353,353,54,-353,NULL,No,NULL,NULL,NULL,NULL,13,Cycle Spaces,0,8,8,15,Other,NULL,NULL,NULL,NULL,3,Market Housing,Cluster Flats,NULL,NULL,NULL,1,NULL,NULL,2,NULL,NULL,NULL,NULL,NULL,NULL,NULL,NULL
3376150,64575130,NULL,"16-18 Cherry Lane, Bristol",BS1 3NG,NULL,NULL,NULL,0.017,Hectares,0,1,1,NULL,109.6,NULL,109.6,0,NULL,NULL,NULL,NULL,NULL,NULL,12,NULL,NULL,NULL,NULL,13,Other,NULL,NULL,NULL,NULL,3,NULL,NULL,NULL,NULL,NULL,NULL,NULL,NULL,2,Flats and Maisonettes,Market Housing,1,NULL,NULL,NULL,NULL,1
3376198,64594131,NULL,"76A Savoy Road,
Brislington,
Bristol,
City of Bristol",BS4 3SY,NULL,NULL,Yes,0.0129,Hectares,NULL,NULL,NULL,31,108,NULL,139,31,NULL,No,NULL,NULL,NULL,NULL,12,Cars,1,0,-1,14,Other,NULL,NULL,NULL,NULL,3,NULL,NULL,NULL,NULL,NULL,NULL,NULL,NULL,2,NULL,NULL,NULL,NULL,NULL,NULL,NULL,NULL
3376198,64594131,NULL,"76A Savoy Road,
Brislington,
Bristol,
City of Bristol",BS4 3SY,NULL,NULL,Yes,0.0129,Hectares,NULL,NULL,NULL,31,108,NULL,139,31,NULL,No,NULL,NULL,NULL,NULL,13,Cycle Spaces,0,8,8,14,Other,NULL,NULL,NULL,NULL,3,NULL,NULL,NULL,NULL,NULL,NULL,NULL,NULL,2,NULL,NULL,NULL,NULL,NULL,NULL,NULL,NULL
3376225,64603752,NULL,"36 Hampton Park, Bristol",BS6 6LH,357911,174222,NULL,0.02,Hectares,0,1,1,NULL,NULL,NULL,NULL,NULL,NULL,No,NULL,NULL,NULL,NULL,12,Cycle Spaces,0,1,1,13,NULL,NULL,NULL,NULL,NULL,3,NULL,NULL,NULL,NULL,NULL,NULL,NULL,NULL,2,Bedsit/Studios,Market Housing,1,NULL,NULL,NULL,NULL,1
3376610,64696447,NULL,"115 Hampton Road, Redland, Bristol",BS6 6JG,NULL,NULL,Yes,0.002,Hectares,NULL,NULL,NULL,NULL,20,16.1,16.1,0,NULL,NULL,NULL,NULL,NULL,NULL,12,Cars,NULL,0,0,14,Other,NULL,NULL,NULL,NULL,3,NULL,NULL,NULL,NULL,NULL,NULL,NULL,NULL,2,NULL,NULL,NULL,NULL,NULL,NULL,NULL,NULL
3376610,64696447,NULL,"115 Hampton Road, Redland, Bristol",BS6 6JG,NULL,NULL,Yes,0.002,Hectares,NULL,NULL,NULL,NULL,20,16.1,16.1,0,NULL,NULL,NULL,NULL,NULL,NULL,13,Cycle Spaces,3,3,0,14,Other,NULL,NULL,NULL,NULL,3,NULL,NULL,NULL,NULL,NULL,NULL,NULL,NULL,2,NULL,NULL,NULL,NULL,NULL,NULL,NULL,NULL
3376737,64741642,NULL,"33 Brockworth Crescent, Stapleton, Bristol",BS16 1HQ,NULL,NULL,No,0.05,Hectares,NULL,NULL,NULL,0,180,180,180,-180,NULL,No,NULL,NULL,NULL,NULL,13,Cycle Spaces,5,7,2,14,Other,NULL,NULL,NULL,NULL,3,NULL,NULL,NULL,NULL,NULL,NULL,NULL,NULL,2,NULL,NULL,NULL,NULL,NULL,NULL,NULL,NULL
3376737,64741642,NULL,"33 Brockworth Crescent, Stapleton, Bristol",BS16 1HQ,NULL,NULL,No,0.05,Hectares,NULL,NULL,NULL,0,180,180,180,-180,NULL,No,NULL,NULL,NULL,NULL,13,Cycle Spaces,5,7,2,15,Other,NULL,NULL,NULL,NULL,3,NULL,NULL,NULL,NULL,NULL,NULL,NULL,NULL,2,NULL,NULL,NULL,NULL,NULL,NULL,NULL,NULL
3376737,64741642,NULL,"33 Brockworth Crescent, Stapleton, Bristol",BS16 1HQ,NULL,NULL,No,0.05,Hectares,NULL,NULL,NULL,0,180,180,180,-180,NULL,No,NULL,NULL,NULL,NULL,12,Cars,4,4,0,14,Other,NULL,NULL,NULL,NULL,3,NULL,NULL,NULL,NULL,NULL,NULL,NULL,NULL,2,NULL,NULL,NULL,NULL,NULL,NULL,NULL,NULL
3376737,64741642,NULL,"33 Brockworth Crescent, Stapleton, Bristol",BS16 1HQ,NULL,NULL,No,0.05,Hectares,NULL,NULL,NULL,0,180,180,180,-180,NULL,No,NULL,NULL,NULL,NULL,12,Cars,4,4,0,15,Other,NULL,NULL,NULL,NULL,3,NULL,NULL,NULL,NULL,NULL,NULL,NULL,NULL,2,NULL,NULL,NULL,NULL,NULL,NULL,NULL,NULL
3376849,64784160,NULL,"Land to rear of 372-374 Southmead Road, Bristol",BS10 5LP,NULL,NULL,Yes,NULL,NULL,0,2,2,NULL,NULL,NULL,NULL,NULL,NULL,NULL,NULL,NULL,NULL,NULL,12,Cycle Spaces,0,2,2,13,NULL,NULL,NULL,NULL,NULL,3,NULL,NULL,NULL,NULL,NULL,NULL,NULL,NULL,2,Houses,Market Housing,2,0,0,0,0,2
3377096,64839260,NULL,"265-267 Church Road, Bristol",BS5 9HU,NULL,NULL,Yes,0.02,Hectares,NULL,NULL,NULL,16,230,187,43,203,NULL,No,NULL,NULL,NULL,NULL,12,Cycle Spaces,0,9,9,14,Other,NULL,NULL,NULL,NULL,3,NULL,NULL,NULL,NULL,NULL,NULL,NULL,NULL,2,NULL,NULL,NULL,NULL,NULL,NULL,NULL,NULL
3377096,64839260,NULL,"265-267 Church Road, Bristol",BS5 9HU,NULL,NULL,Yes,0.02,Hectares,NULL,NULL,NULL,16,230,187,43,203,NULL,No,NULL,NULL,NULL,NULL,12,Cycle Spaces,0,9,9,13,Other,NULL,NULL,NULL,NULL,3,NULL,NULL,NULL,NULL,NULL,NULL,NULL,NULL,2,NULL,NULL,NULL,NULL,NULL,NULL,NULL,NULL
3377128,64848865,NULL,"15 Sterncourt Road, Stapleton, Bristol",BS16 1LB,363199,177255,Yes,390,Square Metres,1,0,-1,NULL,NULL,NULL,NULL,NULL,NULL,NULL,NULL,NULL,NULL,NULL,12,Cars,0,2,2,14,NULL,NULL,NULL,NULL,NULL,3,Market Housing,Houses,0,0,1,0,0,1,2,Houses,NULL,0,0,0,0,0,0
3377128,64848865,NULL,"15 Sterncourt Road, Stapleton, Bristol",BS16 1LB,363199,177255,Yes,390,Square Metres,1,0,-1,NULL,NULL,NULL,NULL,NULL,NULL,NULL,NULL,NULL,NULL,NULL,13,Cycle Spaces,0,4,4,14,NULL,NULL,NULL,NULL,NULL,3,Market Housing,Houses,0,0,1,0,0,1,2,Houses,NULL,0,0,0,0,0,0
3377230,64905139,NULL,"Colston Villas, 23 Horfield Road, Kingsdown, Bristol",BS2 8EA,NULL,NULL,NULL,0.043,Hectares,2,2,0,NULL,NULL,NULL,NULL,NULL,NULL,No,NULL,NULL,NULL,NULL,12,Cars,4,4,0,14,NULL,NULL,NULL,NULL,NULL,3,Market Housing,Flats and Maisonettes,NULL,1,NULL,1,NULL,2,2,Unknown,NULL,NULL,1,NULL,1,NULL,2
3377230,64905139,NULL,"Colston Villas, 23 Horfield Road, Kingsdown, Bristol",BS2 8EA,NULL,NULL,NULL,0.043,Hectares,2,2,0,NULL,NULL,NULL,NULL,NULL,NULL,No,NULL,NULL,NULL,NULL,13,Cycle Spaces,0,6,6,14,NULL,NULL,NULL,NULL,NULL,3,Market Housing,Flats and Maisonettes,NULL,1,NULL,1,NULL,2,2,Unknown,NULL,NULL,1,NULL,1,NULL,2
3378852,65813466,NULL," Land south west of Stonards Hill, Epping",NULL,546287,202187,NULL,NULL,NULL,NULL,NULL,NULL,NULL,NULL,NULL,NULL,NULL,NULL,NULL,NULL,NULL,NULL,NULL,12,NULL,NULL,NULL,NULL,13,NULL,NULL,NULL,NULL,NULL,3,NULL,NULL,NULL,NULL,NULL,NULL,NULL,NULL,2,NULL,NULL,NULL,NULL,NULL,NULL,NULL,NULL
3347751,58090825,NULL,"38 Briar Road
St Albans",AL4 9TL,NULL,NULL,NULL,515,Square Metres,NULL,NULL,NULL,NULL,NULL,NULL,NULL,NULL,NULL,NULL,NULL,NULL,NULL,NULL,12,NULL,NULL,NULL,NULL,13,NULL,NULL,NULL,NULL,NULL,3,NULL,NULL,NULL,NULL,NULL,NULL,NULL,NULL,2,NULL,NULL,NULL,NULL,NULL,NULL,NULL,NULL
3332644,54724677,NULL,"Land off Chelmsford Road, Hartford End, Chelmsford, Essex",CM3 1JZ,568698,217595,NULL,2.42,NULL,0,50,50,NULL,NULL,NULL,NULL,NULL,NULL,NULL,NULL,NULL,NULL,NULL,14,Cars,0,115,115,15,NULL,NULL,NULL,NULL,NULL,3,Social Rented,Houses,3,7,4,NULL,NULL,14,2,Houses,Market Housing,NULL,14,7,9,NULL,30
3332644,54724677,NULL,"Land off Chelmsford Road, Hartford End, Chelmsford, Essex",CM3 1JZ,568698,217595,NULL,2.42,NULL,0,50,50,NULL,NULL,NULL,NULL,NULL,NULL,NULL,NULL,NULL,NULL,NULL,14,Cars,0,115,115,15,NULL,NULL,NULL,NULL,NULL,4,Intermediate,Houses,NULL,1,NULL,NULL,NULL,1,2,Houses,Market Housing,NULL,14,7,9,NULL,30
3332644,54724677,NULL,"Land off Chelmsford Road, Hartford End, Chelmsford, Essex",CM3 1JZ,568698,217595,NULL,2.42,NULL,0,50,50,NULL,NULL,NULL,NULL,NULL,NULL,NULL,NULL,NULL,NULL,NULL,14,Cars,0,115,115,15,NULL,NULL,NULL,NULL,NULL,5,Intermediate,Houses,NULL,3,2,NULL,NULL,5,2,Houses,Market Housing,NULL,14,7,9,NULL,30
3359924,60920269,NULL,"515-517 Stockwood Road,
Brislington,
Bristol City,
Bristol",BS4 5LR,362599,170022,NULL,235,Square Metres,0,9,9,NULL,NULL,NULL,NULL,NULL,NULL,NULL,NULL,NULL,NULL,NULL,12,NULL,NULL,NULL,NULL,13,NULL,NULL,NULL,NULL,NULL,3,NULL,NULL,NULL,NULL,NULL,NULL,NULL,NULL,2,Flats and Maisonettes,Market Housing,3,4,0,0,0,7
3376738,64740399,NULL,"33 Brockworth Crescent, Stapleton, Bristol",BS16 1HQ,NULL,NULL,Yes,0.05,Hectares,0,0,0,0,180,180,180,-180,NULL,No,NULL,NULL,NULL,NULL,12,Cars,4,4,0,15,Other,NULL,NULL,NULL,NULL,3,NULL,Houses,NULL,NULL,NULL,NULL,NULL,NULL,2,Houses,NULL,NULL,NULL,NULL,NULL,NULL,NULL
3376738,64740399,NULL,"33 Brockworth Crescent, Stapleton, Bristol",BS16 1HQ,NULL,NULL,Yes,0.05,Hectares,0,0,0,0,180,180,180,-180,NULL,No,NULL,NULL,NULL,NULL,13,Cycle Spaces,5,7,2,15,Other,NULL,NULL,NULL,NULL,3,NULL,Houses,NULL,NULL,NULL,NULL,NULL,NULL,2,Houses,NULL,NULL,NULL,NULL,NULL,NULL,NULL
3347363,58009481,NULL,"Land West of Thaxted Road
Saffron Walden",NULL,554773,237405,NULL,7.8,NULL,NULL,NULL,NULL,NULL,NULL,NULL,NULL,NULL,NULL,NULL,NULL,NULL,NULL,NULL,12,NULL,NULL,NULL,NULL,13,NULL,NULL,NULL,NULL,NULL,3,NULL,NULL,NULL,NULL,NULL,NULL,NULL,NULL,2,NULL,NULL,NULL,NULL,NULL,NULL,NULL,NULL
3153433,16784769,NULL,"Seafield Farm
Seafield Lane
Beoley
Worcestershire
",B98 9DB,NULL,NULL,Yes,2656,Square Metres,NULL,NULL,NULL,900,1687,1687,2587,2587,NULL,No,NULL,NULL,NULL,NULL,12,Cars,10,10,0,14,Other,NULL,NULL,NULL,NULL,3,NULL,NULL,NULL,NULL,NULL,NULL,NULL,NULL,2,NULL,NULL,NULL,NULL,NULL,NULL,NULL,NULL
3351641,58938529,NULL,"59 Langton Road
Brislington
Bristol",BS4 4ER,361892,172127,NULL,188,Square Metres,NULL,NULL,NULL,NULL,NULL,NULL,NULL,NULL,NULL,NULL,NULL,NULL,NULL,NULL,12,NULL,NULL,NULL,NULL,13,NULL,NULL,NULL,NULL,NULL,3,NULL,NULL,NULL,NULL,NULL,NULL,NULL,NULL,2,NULL,NULL,NULL,NULL,NULL,NULL,NULL,NULL
3377521,65006133,NULL,"8 & 8A Durdham Park, Westbury Park, Bristol",BS8 2AX,357539,175039,Yes,375,Square Metres,0,8,8,0,434,434,0,0,NULL,No,NULL,NULL,NULL,NULL,14,Cycle Spaces,0,11,11,15,Other,NULL,NULL,NULL,NULL,4,NULL,NULL,NULL,NULL,NULL,NULL,NULL,NULL,2,Houses,Market Housing,NULL,NULL,1,NULL,NULL,NULL
3377521,65006133,NULL,"8 & 8A Durdham Park, Westbury Park, Bristol",BS8 2AX,357539,175039,Yes,375,Square Metres,0,8,8,0,434,434,0,0,NULL,No,NULL,NULL,NULL,NULL,13,Cars,1,1,0,15,Other,NULL,NULL,NULL,NULL,4,NULL,NULL,NULL,NULL,NULL,NULL,NULL,NULL,2,Houses,Market Housing,NULL,NULL,1,NULL,NULL,NULL
3377521,65006133,NULL,"8 & 8A Durdham Park, Westbury Park, Bristol",BS8 2AX,357539,175039,Yes,375,Square Metres,0,8,8,0,434,434,0,0,NULL,No,NULL,NULL,NULL,NULL,13,Cars,1,1,0,15,Other,NULL,NULL,NULL,NULL,4,NULL,NULL,NULL,NULL,NULL,NULL,NULL,NULL,3,Flats and Maisonettes,Market Housing,6,1,NULL,NULL,NULL,NULL
3377521,65006133,NULL,"8 & 8A Durdham Park, Westbury Park, Bristol",BS8 2AX,357539,175039,Yes,375,Square Metres,0,8,8,0,434,434,0,0,NULL,No,NULL,NULL,NULL,NULL,14,Cycle Spaces,0,11,11,15,Other,NULL,NULL,NULL,NULL,4,NULL,NULL,NULL,NULL,NULL,NULL,NULL,NULL,3,Flats and Maisonettes,Market Housing,6,1,NULL,NULL,NULL,NULL
3360801,61126851,NULL,"Land east of St Edmunds Lane,
Great Dunmow",NULL,NULL,NULL,NULL,NULL,NULL,NULL,NULL,NULL,NULL,NULL,NULL,NULL,NULL,NULL,NULL,NULL,NULL,NULL,NULL,12,NULL,NULL,NULL,NULL,13,NULL,NULL,NULL,NULL,NULL,3,NULL,NULL,NULL,NULL,NULL,NULL,NULL,NULL,2,NULL,NULL,NULL,NULL,NULL,NULL,NULL,NULL
3341452,56658251,NULL,"Promenade House
Clifton Down
Clifton
Bristol",BS8 3NE,NULL,NULL,NULL,0.0309,Hectares,NULL,NULL,NULL,NULL,NULL,NULL,NULL,NULL,NULL,NULL,NULL,NULL,NULL,NULL,12,NULL,NULL,NULL,NULL,13,NULL,NULL,NULL,NULL,NULL,3,NULL,NULL,NULL,NULL,NULL,NULL,NULL,NULL,2,NULL,NULL,NULL,NULL,NULL,NULL,NULL,NULL
3299677,47687098,NULL,"Land east of Parsonage Road, and south of Hall Road, Stansted, Essex, ",CM22 6PL,NULL,NULL,NULL,22.5,NULL,NULL,NULL,NULL,NULL,NULL,NULL,NULL,NULL,Solar farm,NULL,NULL,NULL,NULL,NULL,12,NULL,NULL,NULL,NULL,13,NULL,NULL,NULL,NULL,NULL,3,NULL,NULL,NULL,NULL,NULL,NULL,NULL,NULL,2,NULL,NULL,NULL,NULL,NULL,NULL,NULL,NULL
3361506,61294696,NULL,"2 Merton Road,
Bristol",BS7 8TL,NULL,NULL,NULL,0.03,Hectares,NULL,NULL,NULL,NULL,414,414,687,-414,NULL,NULL,NULL,NULL,NULL,NULL,12,Cycle Spaces,0,22,22,14,Other,NULL,NULL,NULL,NULL,3,NULL,NULL,NULL,NULL,NULL,NULL,NULL,NULL,2,NULL,NULL,NULL,NULL,NULL,NULL,NULL,NULL
3372727,63774585,NULL,"Unit 7 Newbridge Trading Estate, Newbridge Close, St. Anne's, Bristol",BS4 4AX,NULL,NULL,Yes,364,Square Metres,NULL,NULL,NULL,0,364,364,364,0,A change of use from an office use (Use Class E.G.i) to an office (Use Class E.G.i) or educational use (Use Class F.1) using Class V of Part 3 of Schedule 2 of The Town and Country Planning (General Permitted Development) (England) Order 2015.,NULL,NULL,NULL,NULL,NULL,13,Cycle Spaces,0,8,8,14,Other,NULL,NULL,NULL,NULL,3,NULL,NULL,NULL,NULL,NULL,NULL,NULL,NULL,2,NULL,NULL,NULL,NULL,NULL,NULL,NULL,NULL
3372727,63774585,NULL,"Unit 7 Newbridge Trading Estate, Newbridge Close, St. Anne's, Bristol",BS4 4AX,NULL,NULL,Yes,364,Square Metres,NULL,NULL,NULL,0,364,364,364,0,A change of use from an office use (Use Class E.G.i) to an office (Use Class E.G.i) or educational use (Use Class F.1) using Class V of Part 3 of Schedule 2 of The Town and Country Planning (General Permitted Development) (England) Order 2015.,NULL,NULL,NULL,NULL,NULL,12,Cars,10,9,-1,14,Other,NULL,NULL,NULL,NULL,3,NULL,NULL,NULL,NULL,NULL,NULL,NULL,NULL,2,NULL,NULL,NULL,NULL,NULL,NULL,NULL,NULL
3374771,64238131,NULL,"11-13 Whiteladies Road, Bristol",BS8 1PH ,357831,173532,Yes,0.0662,Hectares,NULL,NULL,NULL,117.2,214,214,331.2,331.2,NULL,No,NULL,NULL,NULL,NULL,12,Cars,8,0,-8,14,Other,NULL,NULL,NULL,NULL,3,NULL,NULL,NULL,NULL,NULL,NULL,NULL,NULL,2,NULL,NULL,NULL,NULL,NULL,NULL,NULL,NULL
3374771,64238131,NULL,"11-13 Whiteladies Road, Bristol",BS8 1PH ,357831,173532,Yes,0.0662,Hectares,NULL,NULL,NULL,117.2,214,214,331.2,331.2,NULL,No,NULL,NULL,NULL,NULL,13,Cycle Spaces,0,14,14,14,Other,NULL,NULL,NULL,NULL,3,NULL,NULL,NULL,NULL,NULL,NULL,NULL,NULL,2,NULL,NULL,NULL,NULL,NULL,NULL,NULL,NULL
3324434,52887835,NULL,"Land to the north of Roseacres, between Parsonage Road and Smiths Green Lane, Takeley, Essex, CM22 6NZ (Land known as Bull Field, Warish Hall Farm, Takeley, Essex)",CM22 6NZ,556844,222165,NULL,19.8,NULL,0,96,96,NULL,NULL,NULL,NULL,NULL,NULL,NULL,NULL,NULL,NULL,NULL,12,NULL,NULL,NULL,NULL,13,NULL,NULL,NULL,NULL,NULL,3,Social Rented,NULL,9,17,11,2,NULL,39,2,Houses,Market Housing,NULL,11,25,21,NULL,57
3374895,64264576,NULL,"357 Filton Avenue, Horfield, Bristol",BS7 0BD ,360258,177489,Yes,339,Square Metres,1,1,0,-150,320,320,45,45,NULL,No,NULL,NULL,NULL,NULL,12,Cycle Spaces,0,6,8,14,Other,NULL,NULL,NULL,NULL,3,Market Housing,Flats and Maisonettes,0,1,0,0,0,1,2,Flats and Maisonettes,Market Housing,0,0,1,0,0,1
3372814,63797785,NULL,"13 Risdale Road, Ashton, Bristol",BS3 2QU ,356663,170370,Yes,210,Square Metres,0,1,1,NULL,NULL,NULL,NULL,NULL,NULL,No,NULL,NULL,NULL,NULL,12,Cars,0,2,2,14,NULL,NULL,NULL,NULL,NULL,3,NULL,NULL,NULL,NULL,NULL,NULL,NULL,NULL,2,Houses,Market Housing,0,1,0,0,0,1
3372814,63797785,NULL,"13 Risdale Road, Ashton, Bristol",BS3 2QU ,356663,170370,Yes,210,Square Metres,0,1,1,NULL,NULL,NULL,NULL,NULL,NULL,No,NULL,NULL,NULL,NULL,13,Cycle Spaces,0,2,2,14,NULL,NULL,NULL,NULL,NULL,3,NULL,NULL,NULL,NULL,NULL,NULL,NULL,NULL,2,Houses,Market Housing,0,1,0,0,0,1
3352831,59217545,NULL,"87 Queenshill Road,
Bristol",BS4 2ZQ,NULL,NULL,NULL,436,Square Metres,0,1,1,NULL,NULL,NULL,NULL,NULL,NULL,NULL,NULL,NULL,NULL,NULL,12,Cars,4,3,-1,14,NULL,NULL,NULL,NULL,NULL,3,NULL,NULL,NULL,NULL,NULL,NULL,NULL,NULL,2,Houses,Market Housing,1,NULL,NULL,NULL,NULL,1
3352831,59217545,NULL,"87 Queenshill Road,
Bristol",BS4 2ZQ,NULL,NULL,NULL,436,Square Metres,0,1,1,NULL,NULL,NULL,NULL,NULL,NULL,NULL,NULL,NULL,NULL,NULL,13,Cycle Spaces,0,4,4,14,NULL,NULL,NULL,NULL,NULL,3,NULL,NULL,NULL,NULL,NULL,NULL,NULL,NULL,2,Houses,Market Housing,1,NULL,NULL,NULL,NULL,1
3354625,59654772,NULL,"David Lloyd,
Greystoke Avenue,
Southmead,
Bristol City",BS10 6AZ,357666,177870,NULL,0.9,Hectares,NULL,NULL,NULL,NULL,NULL,NULL,NULL,NULL,NULL,NULL,NULL,NULL,NULL,NULL,12,NULL,NULL,NULL,NULL,13,NULL,NULL,NULL,NULL,NULL,3,NULL,NULL,NULL,NULL,NULL,NULL,NULL,NULL,2,NULL,NULL,NULL,NULL,NULL,NULL,NULL,NULL
3341247,56606826,NULL,"396 Hotwell Road
Clifton
Bristol",BS8 4NU,NULL,NULL,NULL,NULL,NULL,NULL,NULL,NULL,NULL,NULL,NULL,NULL,NULL,NULL,NULL,NULL,NULL,NULL,NULL,12,NULL,NULL,NULL,NULL,13,NULL,NULL,NULL,NULL,NULL,3,NULL,NULL,NULL,NULL,NULL,NULL,NULL,NULL,2,NULL,NULL,NULL,NULL,NULL,NULL,NULL,NULL
3361296,61248526,NULL,"265-267 Church Road,
Bristol",BS5 9HU,NULL,NULL,NULL,0.03,Hectares,NULL,NULL,NULL,273,414,414,687,687,NULL,NULL,NULL,NULL,NULL,NULL,12,Cycle Spaces,0,22,22,14,Other,NULL,NULL,NULL,NULL,3,NULL,NULL,NULL,NULL,NULL,NULL,NULL,NULL,2,NULL,NULL,NULL,NULL,NULL,NULL,NULL,NULL
3378824,65783528,NULL,"Land at former Pickfield Nurseries, Pick Hill, Waltham Abbey",EN9 3LD,NULL,NULL,NULL,NULL,NULL,NULL,NULL,NULL,NULL,NULL,NULL,NULL,NULL,NULL,NULL,NULL,NULL,NULL,NULL,12,NULL,NULL,NULL,NULL,13,NULL,NULL,NULL,NULL,NULL,3,NULL,NULL,NULL,NULL,NULL,NULL,NULL,NULL,2,NULL,NULL,NULL,NULL,NULL,NULL,NULL,NULL
3153433,16784769,NULL,"Seafield Farm
Seafield Lane
Beoley
Worcestershire
",B98 9DB,NULL,NULL,Yes,2656,Square Metres,NULL,NULL,NULL,900,1687,1687,2587,2587,NULL,No,NULL,NULL,NULL,NULL,12,Cars,10,10,0,13,B8 Storage and Distribution,NULL,NULL,NULL,NULL,3,NULL,NULL,NULL,NULL,NULL,NULL,NULL,NULL,2,NULL,NULL,NULL,NULL,NULL,NULL,NULL,NULL
3304712,48694926,NULL,"Draper’s Farm (Drapers Chase Solar Farm), Rayne, Essex",CM77 6SN,NULL,NULL,NULL,NULL,NULL,NULL,NULL,NULL,NULL,NULL,NULL,NULL,NULL,NULL,NULL,NULL,NULL,NULL,NULL,12,NULL,NULL,NULL,NULL,13,NULL,NULL,NULL,NULL,NULL,3,NULL,NULL,NULL,NULL,NULL,NULL,NULL,NULL,2,NULL,NULL,NULL,NULL,NULL,NULL,NULL,NULL
3367902,62759342,NULL,"11-13 Whiteladies Road,
Clifton,
Bristol",BS8 1PB,357831,173532,NULL,0.0662,NULL,NULL,NULL,NULL,-214,214,214,4 rooms,4 rooms,NULL,NULL,NULL,NULL,NULL,NULL,12,Cars,10,0,10,13,Other,NULL,NULL,NULL,NULL,3,NULL,NULL,NULL,NULL,NULL,NULL,NULL,NULL,2,NULL,NULL,NULL,NULL,NULL,NULL,NULL,NULL
3369242,63090056,NULL,"Chasefield House, 
888 Fishponds Road, 
Bristol ",BS16 3XB,363729,175975,NULL,512,Square Metres,11,19,8,NULL,NULL,NULL,NULL,NULL,NULL,NULL,NULL,NULL,NULL,NULL,12,Cars,2,2,0,13,NULL,NULL,NULL,NULL,NULL,3,Social Rented,Unknown,11,NULL,NULL,NULL,NULL,11,2,Bedsit/Studios,Market Housing,19,NULL,NULL,NULL,NULL,19
3302145,48186011,NULL,"Canfield Moat
High Cross Lane West
Little Canfield
Essex, 
",CM6 1TD ,NULL,NULL,No,3.4,NULL,0,15,15,NULL,NULL,NULL,NULL,NULL,NULL,NULL,NULL,NULL,NULL,NULL,12,Cars,0,36,36,13,NULL,NULL,NULL,NULL,NULL,3,NULL,NULL,NULL,NULL,NULL,NULL,NULL,0,2,Houses,Market Housing,NULL,NULL,NULL,NULL,15,15
3346773,57862549,NULL,"Land South of Bedwell Road,
Elsenham",NULL,552856,226949,NULL,1.42ha,NULL,NULL,50,NULL,NULL,NULL,NULL,NULL,NULL,NULL,NULL,NULL,NULL,NULL,NULL,12,NULL,NULL,NULL,NULL,13,NULL,NULL,NULL,NULL,NULL,3,NULL,NULL,NULL,NULL,NULL,NULL,NULL,NULL,2,NULL,NULL,NULL,NULL,NULL,NULL,NULL,NULL
3370511,63357980,NULL,"11-13 Whiteladies Road, Bristol, ",BS8 1PB,357831,173532,NULL,0.1082,Hectares,NULL,NULL,NULL,0,983.6,983.6,983.6,983.6,NULL,NULL,NULL,NULL,NULL,NULL,12,Cars,20,12,-8,15,Other,NULL,NULL,NULL,NULL,3,NULL,NULL,NULL,NULL,NULL,NULL,NULL,NULL,2,NULL,NULL,NULL,NULL,NULL,NULL,NULL,NULL
3370511,63357980,NULL,"11-13 Whiteladies Road, Bristol, ",BS8 1PB,357831,173532,NULL,0.1082,Hectares,NULL,NULL,NULL,0,983.6,983.6,983.6,983.6,NULL,NULL,NULL,NULL,NULL,NULL,13,Cycle Spaces,0,10,10,15,Other,NULL,NULL,NULL,NULL,3,NULL,NULL,NULL,NULL,NULL,NULL,NULL,NULL,2,NULL,NULL,NULL,NULL,NULL,NULL,NULL,NULL
3377086,64834926,NULL,"703 Fishponds Road, Bristol",BS16 3UH,363204,175762,Yes,153,Square Metres,NULL,NULL,NULL,95,82,82,117,95,NULL,No,NULL,NULL,NULL,NULL,12,NULL,NULL,NULL,NULL,13,Other,NULL,NULL,NULL,NULL,3,NULL,NULL,NULL,NULL,NULL,NULL,NULL,NULL,2,NULL,NULL,NULL,NULL,NULL,NULL,NULL,NULL
3326935,53448038,NULL,"London Stansted Airport
Bassingbourn Road
Stansted
Essex
",CM24 1QW,NULL,NULL,NULL,4.1,NULL,NULL,NULL,NULL,NULL,3710,3710,52445,48735,NULL,NULL,NULL,NULL,NULL,NULL,12,NULL,NULL,NULL,NULL,13,Other,NULL,NULL,NULL,NULL,3,NULL,NULL,NULL,NULL,NULL,NULL,NULL,NULL,2,NULL,NULL,NULL,NULL,NULL,NULL,NULL,NULL
3374574,64180342,NULL,"Land on South West side of Strathmore Road, Horfield, Bristol",BS7 9QQ,359494,176476,NULL,0.00425,Hectares,NULL,NULL,NULL,NULL,NULL,NULL,NULL,NULL,NULL,No,NULL,NULL,NULL,NULL,12,NULL,NULL,NULL,NULL,13,NULL,NULL,NULL,NULL,NULL,3,NULL,NULL,NULL,NULL,NULL,NULL,NULL,NULL,2,NULL,NULL,NULL,NULL,NULL,NULL,NULL,NULL
3373031,63843889,NULL,"16 Elmgrove Road, Bristol",BS16 2AX,NULL,NULL,No,0.05,Hectares,1,0,-1,139,0,0,139,139,NULL,No,NULL,NULL,NULL,NULL,12,Cycle Spaces,NULL,3,3,13,Other,NULL,NULL,NULL,NULL,3,Market Housing,Houses,NULL,NULL,NULL,1,NULL,-1,2,NULL,NULL,NULL,NULL,NULL,NULL,NULL,NULL
3348339,58221735,NULL,"1 Repton Road, Brislington, Bristol",BS4 3LS,NULL,NULL,NULL,0.02,NULL,NULL,NULL,NULL,NULL,NULL,NULL,NULL,NULL,NULL,NULL,NULL,NULL,NULL,NULL,12,NULL,NULL,NULL,NULL,13,A1 Shops,NULL,NULL,NULL,NULL,3,NULL,NULL,NULL,NULL,NULL,NULL,NULL,NULL,2,NULL,NULL,NULL,NULL,NULL,NULL,NULL,NULL
3353379,59351210,NULL,"Redcliff Quay, 120 Redcliff Street, Redcliff, Bristol",BS1 6HU,NULL,NULL,NULL,0.31,NULL,NULL,NULL,NULL,NULL,NULL,NULL,NULL,NULL,NULL,NULL,NULL,NULL,NULL,NULL,12,NULL,NULL,NULL,NULL,13,NULL,NULL,NULL,NULL,NULL,3,NULL,NULL,NULL,NULL,NULL,NULL,NULL,NULL,2,NULL,NULL,NULL,NULL,NULL,NULL,NULL,NULL
3326157,53280239,NULL,"Moors Field, Station Road, Little Dunmow, Essex",NULL,566230,221374,NULL,14,Hectares,NULL,160,NULL,NULL,NULL,NULL,NULL,NULL,NULL,NULL,NULL,NULL,NULL,NULL,12,NULL,NULL,NULL,NULL,13,NULL,NULL,NULL,NULL,NULL,3,NULL,NULL,NULL,NULL,NULL,NULL,NULL,NULL,2,NULL,NULL,NULL,NULL,NULL,NULL,NULL,NULL
3306318,49053582,NULL,"land to the south of Birchanger Lane
Birchanger
Essex
",CM23 5QH,NULL,NULL,NULL,NULL,NULL,NULL,NULL,NULL,NULL,NULL,NULL,NULL,NULL,NULL,NULL,NULL,NULL,NULL,NULL,12,NULL,NULL,NULL,NULL,13,NULL,NULL,NULL,NULL,NULL,3,NULL,NULL,NULL,NULL,NULL,NULL,NULL,NULL,2,NULL,NULL,NULL,NULL,NULL,NULL,NULL,NULL
3375423,64396048,NULL,"72-74 Gloucester Road, Bristol",BS7 8BF,35899,175154,Yes,272,Square Metres,NULL,NULL,NULL,98.8,343,218,441.9,98.8,n/a,No,NULL,NULL,NULL,NULL,12,Cars,2,0,-2,14,C1 Hotels and Halls of Residence,NULL,NULL,NULL,NULL,3,NULL,NULL,NULL,NULL,NULL,NULL,NULL,NULL,2,NULL,NULL,NULL,NULL,NULL,NULL,NULL,NULL
3375423,64396048,NULL,"72-74 Gloucester Road, Bristol",BS7 8BF,35899,175154,Yes,272,Square Metres,NULL,NULL,NULL,98.8,343,218,441.9,98.8,n/a,No,NULL,NULL,NULL,NULL,13,Cycle Spaces,0,10,10,14,C1 Hotels and Halls of Residence,NULL,NULL,NULL,NULL,3,NULL,NULL,NULL,NULL,NULL,NULL,NULL,NULL,2,NULL,NULL,NULL,NULL,NULL,NULL,NULL,NULL
3370385,63336577,NULL,"144 Whitehall Road, 
Bristol",BS5 9BP,361339,173771,NULL,0.0122,Hectares,0,1,1,0,61.5,61.5,NULL,NULL,NULL,NULL,NULL,NULL,NULL,NULL,13,Cycle Spaces,0,2,2,14,Other,NULL,NULL,NULL,NULL,3,NULL,NULL,NULL,NULL,NULL,NULL,NULL,NULL,2,Flats and Maisonettes,Market Housing,1,NULL,NULL,NULL,NULL,1
3370385,63336577,NULL,"144 Whitehall Road, 
Bristol",BS5 9BP,361339,173771,NULL,0.0122,Hectares,0,1,1,0,61.5,61.5,NULL,NULL,NULL,NULL,NULL,NULL,NULL,NULL,12,Cars,1,1,0,14,Other,NULL,NULL,NULL,NULL,3,NULL,NULL,NULL,NULL,NULL,NULL,NULL,NULL,2,Flats and Maisonettes,Market Housing,1,NULL,NULL,NULL,NULL,1
3376738,64740399,NULL,"33 Brockworth Crescent, Stapleton, Bristol",BS16 1HQ,NULL,NULL,Yes,0.05,Hectares,0,0,0,0,180,180,180,-180,NULL,No,NULL,NULL,NULL,NULL,12,Cars,4,4,0,14,Other,NULL,NULL,NULL,NULL,3,NULL,Houses,NULL,NULL,NULL,NULL,NULL,NULL,2,Houses,NULL,NULL,NULL,NULL,NULL,NULL,NULL
3376738,64740399,NULL,"33 Brockworth Crescent, Stapleton, Bristol",BS16 1HQ,NULL,NULL,Yes,0.05,Hectares,0,0,0,0,180,180,180,-180,NULL,No,NULL,NULL,NULL,NULL,13,Cycle Spaces,5,7,2,14,Other,NULL,NULL,NULL,NULL,3,NULL,Houses,NULL,NULL,NULL,NULL,NULL,NULL,2,Houses,NULL,NULL,NULL,NULL,NULL,NULL,NULL
3328288,53737478,NULL,"Eastfield Stables, May Walk, Elsenham Road, Stansted, Essex, ",CM24 8SS,NULL,NULL,NULL,1.95,NULL,5,5,5,NULL,NULL,NULL,NULL,NULL,NULL,NULL,NULL,NULL,NULL,NULL,12,Cars,0,20,20,13,NULL,NULL,NULL,NULL,NULL,3,NULL,NULL,NULL,NULL,NULL,NULL,NULL,NULL,2,Houses,Market Housing,NULL,NULL,5,NULL,NULL,NULL
3369640,63172228,NULL,"87 Queenshill Road,
Bristol",BS4 2XQ,NULL,NULL,NULL,0.03,Hectares,0,1,1,NULL,NULL,NULL,NULL,NULL,NULL,NULL,NULL,NULL,NULL,NULL,12,Cars,3,3,0,14,NULL,NULL,NULL,NULL,NULL,3,NULL,NULL,NULL,NULL,NULL,NULL,NULL,NULL,2,Houses,Market Housing,NULL,1,NULL,NULL,NULL,1
3369640,63172228,NULL,"87 Queenshill Road,
Bristol",BS4 2XQ,NULL,NULL,NULL,0.03,Hectares,0,1,1,NULL,NULL,NULL,NULL,NULL,NULL,NULL,NULL,NULL,NULL,NULL,13,Cycle Spaces,0,2,2,14,NULL,NULL,NULL,NULL,NULL,3,NULL,NULL,NULL,NULL,NULL,NULL,NULL,NULL,2,Houses,Market Housing,NULL,1,NULL,NULL,NULL,1
3329554,54018500,NULL,"Belcham’s Lane and Maces Farm, Rickling Green, Newport, ",CB11 3YG,NULL,NULL,NULL,NULL,NULL,NULL,NULL,NULL,NULL,NULL,NULL,NULL,NULL,NULL,NULL,NULL,NULL,NULL,NULL,12,NULL,NULL,NULL,NULL,13,NULL,NULL,NULL,NULL,NULL,3,NULL,NULL,NULL,NULL,NULL,NULL,NULL,NULL,2,NULL,NULL,NULL,NULL,NULL,NULL,NULL,NULL
3360671,61099991,NULL,"1-3 High Street,
Bristol",BS9 3DR,NULL,NULL,NULL,0.02,Hectares,0,4,4,NULL,314,314,0,NULL,NULL,NULL,NULL,NULL,NULL,NULL,12,Cycle Spaces,NULL,8,NULL,13,A2 Financial and Professional Services,NULL,NULL,NULL,NULL,3,NULL,NULL,NULL,NULL,NULL,NULL,NULL,NULL,2,Flats and Maisonettes,Market Housing,4,NULL,NULL,NULL,NULL,4
3346437,57791244,NULL,"1 Wheatfield Road
Harpenden",AL5 2NY,NULL,NULL,NULL,1350,Square Metres,NULL,NULL,NULL,NULL,NULL,NULL,NULL,NULL,NULL,NULL,NULL,NULL,NULL,NULL,12,NULL,NULL,NULL,NULL,13,NULL,NULL,NULL,NULL,NULL,3,NULL,NULL,NULL,NULL,NULL,NULL,NULL,NULL,2,NULL,NULL,NULL,NULL,NULL,NULL,NULL,NULL
3320120,51968439,NULL,"Land East of Pines Hill
Stansted Mountfitchet",CM24 8EY,550811,224431,NULL,0.99,Hectares,NULL,31,NULL,NULL,NULL,NULL,NULL,NULL,NULL,NULL,NULL,NULL,NULL,NULL,15,NULL,NULL,NULL,NULL,16,NULL,NULL,NULL,NULL,NULL,6,NULL,NULL,NULL,NULL,NULL,NULL,NULL,NULL,2,Houses,Market Housing,NULL,NULL,6,5,NULL,11
3320120,51968439,NULL,"Land East of Pines Hill
Stansted Mountfitchet",CM24 8EY,550811,224431,NULL,0.99,Hectares,NULL,31,NULL,NULL,NULL,NULL,NULL,NULL,NULL,NULL,NULL,NULL,NULL,NULL,15,NULL,NULL,NULL,NULL,16,NULL,NULL,NULL,NULL,NULL,6,NULL,NULL,NULL,NULL,NULL,NULL,NULL,NULL,3,Flats and Maisonettes,Social Rented,4,2,NULL,NULL,NULL,6
3320120,51968439,NULL,"Land East of Pines Hill
Stansted Mountfitchet",CM24 8EY,550811,224431,NULL,0.99,Hectares,NULL,31,NULL,NULL,NULL,NULL,NULL,NULL,NULL,NULL,NULL,NULL,NULL,NULL,15,NULL,NULL,NULL,NULL,16,NULL,NULL,NULL,NULL,NULL,6,NULL,NULL,NULL,NULL,NULL,NULL,NULL,NULL,4,Houses,Social Rented,NULL,1,1,NULL,NULL,2
3320120,51968439,NULL,"Land East of Pines Hill
Stansted Mountfitchet",CM24 8EY,550811,224431,NULL,0.99,Hectares,NULL,31,NULL,NULL,NULL,NULL,NULL,NULL,NULL,NULL,NULL,NULL,NULL,NULL,15,NULL,NULL,NULL,NULL,16,NULL,NULL,NULL,NULL,NULL,6,NULL,NULL,NULL,NULL,NULL,NULL,NULL,NULL,5,Houses,Intermediate,NULL,5,3,NULL,NULL,8
3365517,62245304,NULL,"Former Friends School Field,
Mount Pleasant Road,
Saffron Walden",CB11 3EB,NULL,NULL,NULL,6.72,Hectares,0,75,75,427,NULL,NULL,427,427,NULL,NULL,NULL,NULL,NULL,NULL,14,Cars,0,182,182,15,Other,NULL,NULL,NULL,NULL,5,NULL,NULL,NULL,NULL,NULL,NULL,NULL,NULL,2,Houses,Market Housing,NULL,4,23,18,NULL,45
3365517,62245304,NULL,"Former Friends School Field,
Mount Pleasant Road,
Saffron Walden",CB11 3EB,NULL,NULL,NULL,6.72,Hectares,0,75,75,427,NULL,NULL,427,427,NULL,NULL,NULL,NULL,NULL,NULL,14,Cars,0,182,182,15,Other,NULL,NULL,NULL,NULL,5,NULL,NULL,NULL,NULL,NULL,NULL,NULL,NULL,3,Houses,Social Rented,NULL,3,9,2,NULL,14
3365517,62245304,NULL,"Former Friends School Field,
Mount Pleasant Road,
Saffron Walden",CB11 3EB,NULL,NULL,NULL,6.72,Hectares,0,75,75,427,NULL,NULL,427,427,NULL,NULL,NULL,NULL,NULL,NULL,14,Cars,0,182,182,15,Other,NULL,NULL,NULL,NULL,5,NULL,NULL,NULL,NULL,NULL,NULL,NULL,NULL,4,Flats and Maisonettes,Social Rented,8,8,NULL,NULL,NULL,16
3353400,59357920,NULL,"10 Rylestone Grove, Bristol",BS9 3UT,NULL,NULL,NULL,0.154,NULL,1,1,0,NULL,NULL,NULL,NULL,NULL,NULL,NULL,NULL,NULL,NULL,NULL,12,Cars,2,2,0,13,NULL,NULL,NULL,NULL,NULL,3,Market Housing,Houses,NULL,NULL,NULL,1,NULL,1,2,Houses,Market Housing,NULL,NULL,NULL,1,NULL,1
3371324,63513649,NULL,"23 Hillsborough Road, Brislington, Bristol, ",BS4 3QW ,NULL,NULL,NULL,0.0304,NULL,NULL,NULL,NULL,NULL,138.8,NULL,159.1,24.3,N/A,No,NULL,NULL,NULL,NULL,12,Cars,2,2,0,14,Other,NULL,NULL,NULL,NULL,3,NULL,NULL,NULL,NULL,NULL,NULL,NULL,NULL,2,NULL,NULL,NULL,NULL,NULL,NULL,NULL,NULL
3371324,63513649,NULL,"23 Hillsborough Road, Brislington, Bristol, ",BS4 3QW ,NULL,NULL,NULL,0.0304,NULL,NULL,NULL,NULL,NULL,138.8,NULL,159.1,24.3,N/A,No,NULL,NULL,NULL,NULL,13,Cycle Spaces,8,9,1,14,Other,NULL,NULL,NULL,NULL,3,NULL,NULL,NULL,NULL,NULL,NULL,NULL,NULL,2,NULL,NULL,NULL,NULL,NULL,NULL,NULL,NULL
3352726,59179698,NULL,"Cotham School,
Cotham Lawn Road,
Cotham,
Bristol",BS6 6DT,NULL,NULL,NULL,0.019,Hectares,NULL,NULL,NULL,NULL,NULL,NULL,NULL,NULL,NULL,NULL,NULL,NULL,NULL,NULL,12,NULL,NULL,NULL,NULL,13,NULL,NULL,NULL,NULL,NULL,3,NULL,NULL,NULL,NULL,NULL,NULL,NULL,NULL,2,NULL,NULL,NULL,NULL,NULL,NULL,NULL,NULL
3374024,64046274,NULL,"2 Merton Road, Bristol",BS7 8TL,NULL,NULL,NULL,0.03,Hectares,NULL,NULL,NULL,273,414,414,651,651,NULL,NULL,NULL,NULL,NULL,NULL,12,Cycle Spaces,NULL,22,22,15,Other,NULL,NULL,NULL,NULL,3,NULL,NULL,NULL,NULL,NULL,NULL,NULL,NULL,2,NULL,NULL,NULL,NULL,NULL,NULL,NULL,NULL
3374895,64264576,NULL,"357 Filton Avenue, Horfield, Bristol",BS7 0BD ,360258,177489,Yes,339,Square Metres,1,1,0,-150,320,320,45,45,NULL,No,NULL,NULL,NULL,NULL,12,Cycle Spaces,0,6,8,15,Other,NULL,NULL,NULL,NULL,3,Market Housing,Flats and Maisonettes,0,1,0,0,0,1,2,Flats and Maisonettes,Market Housing,0,0,1,0,0,1
3361741,61358613,NULL,"Building 11, 
Explore Lane, 
Bristol",BS1 5TY,NULL,NULL,NULL,NULL,NULL,NULL,NULL,NULL,NULL,NULL,NULL,NULL,NULL,NULL,NULL,NULL,NULL,NULL,NULL,12,NULL,NULL,NULL,NULL,13,NULL,NULL,NULL,NULL,NULL,3,NULL,NULL,NULL,NULL,NULL,NULL,NULL,NULL,2,NULL,NULL,NULL,NULL,NULL,NULL,NULL,NULL
3153419,16780598,NULL,"Land to the North of Hospital Lane, to the South of Mill Lane and to the East of Bouskell Park, Blaby, Leicestershire.",NULL,457271,297437,Yes,173700,Square Metres,0,220,220,NULL,NULL,NULL,NULL,NULL,NULL,NULL,NULL,NULL,NULL,NULL,14,Cars,0,440,440,15,NULL,NULL,NULL,NULL,NULL,5,NULL,NULL,NULL,NULL,NULL,NULL,0,0,2,Houses,Market Housing,NULL,NULL,NULL,NULL,165,165
3153419,16780598,NULL,"Land to the North of Hospital Lane, to the South of Mill Lane and to the East of Bouskell Park, Blaby, Leicestershire.",NULL,457271,297437,Yes,173700,Square Metres,0,220,220,NULL,NULL,NULL,NULL,NULL,NULL,NULL,NULL,NULL,NULL,NULL,14,Cars,0,440,440,15,NULL,NULL,NULL,NULL,NULL,5,NULL,NULL,NULL,NULL,NULL,NULL,0,0,3,Unknown,Social Rented,NULL,NULL,NULL,NULL,43,43
3153419,16780598,NULL,"Land to the North of Hospital Lane, to the South of Mill Lane and to the East of Bouskell Park, Blaby, Leicestershire.",NULL,457271,297437,Yes,173700,Square Metres,0,220,220,NULL,NULL,NULL,NULL,NULL,NULL,NULL,NULL,NULL,NULL,NULL,14,Cars,0,440,440,15,NULL,NULL,NULL,NULL,NULL,5,NULL,NULL,NULL,NULL,NULL,NULL,0,0,4,Unknown,Intermediate,NULL,NULL,NULL,NULL,12,12
3376904,64797778,NULL,"The Landing (Ground Floor Café)
125 Redcliff Street
Bristol",BS1 6HU,NULL,NULL,Yes,0.0014,Hectares,0,0,0,0,NULL,0,0,NULL,NULL,No,NULL,NULL,NULL,NULL,12,NULL,NULL,NULL,NULL,13,NULL,NULL,NULL,NULL,NULL,3,NULL,NULL,NULL,NULL,NULL,NULL,NULL,NULL,2,NULL,NULL,NULL,NULL,NULL,NULL,NULL,NULL
3302195,48191557,NULL,"Berden Hall Farm
Ginns Road
Berden",NULL,546125,229401,NULL,71.58,NULL,NULL,NULL,NULL,NULL,NULL,NULL,NULL,NULL,NULL,NULL,NULL,NULL,NULL,NULL,12,NULL,NULL,NULL,NULL,13,NULL,NULL,NULL,NULL,NULL,3,NULL,NULL,NULL,NULL,NULL,NULL,NULL,NULL,2,NULL,NULL,NULL,NULL,NULL,NULL,NULL,NULL
3362542,61579215,NULL,"Hill Green,
Wicken Road, 
Clavering, 
Essex",CB11 4QT,NULL,NULL,NULL,3.17,Hectares,NULL,28,NULL,NULL,NULL,NULL,NULL,NULL,NULL,NULL,NULL,NULL,NULL,NULL,12,NULL,NULL,NULL,NULL,13,NULL,NULL,NULL,NULL,NULL,3,NULL,NULL,NULL,NULL,NULL,NULL,NULL,NULL,2,NULL,NULL,NULL,NULL,NULL,NULL,NULL,NULL
3334060,55047106,NULL,"Brick House Farm, Cock Green, Felsted, Essex",CM6 3JE,NULL,NULL,NULL,2.6,Hectares,NULL,NULL,NULL,NULL,NULL,NULL,NULL,NULL,NULL,NULL,NULL,NULL,NULL,NULL,12,NULL,NULL,NULL,NULL,13,NULL,NULL,NULL,NULL,NULL,3,NULL,NULL,NULL,NULL,NULL,NULL,NULL,NULL,2,NULL,NULL,NULL,NULL,NULL,NULL,NULL,NULL
3365940,62338213,NULL,"11-13 High Street,
Westbury,
Bristol City,
Bristol",BS9 3BF,357131,177342,NULL,370,Square Metres,0,1,1,-72,205,72,133,-72,NULL,NULL,NULL,NULL,NULL,NULL,12,Cycle Spaces,0,10,10,13,Other,NULL,NULL,NULL,NULL,3,Market Housing,Flats and Maisonettes,NULL,NULL,NULL,NULL,NULL,NULL,2,Unknown,Market Housing,NULL,1,NULL,NULL,NULL,1
3361110,61205830,NULL,"Land between 84 and 108 Ragged Hall Lane, 
Chiswell Green,
St Albans,
Hertfordshire",AL2 3NN,513085,205206,NULL,0.49,Hectares,0,7,7,NULL,NULL,NULL,NULL,NULL,NULL,NULL,NULL,NULL,NULL,NULL,12,NULL,NULL,NULL,NULL,13,NULL,NULL,NULL,NULL,NULL,3,NULL,NULL,NULL,NULL,NULL,NULL,NULL,NULL,2,Houses,NULL,NULL,NULL,NULL,7,NULL,7
3336795,55621655,NULL,"Land to the West of Mill Lane, Hatfield Heath",CM22 7AA,551823,215546,NULL,3.8,NULL,NULL,12,12,NULL,NULL,NULL,NULL,NULL,NULL,NULL,NULL,NULL,NULL,NULL,12,NULL,NULL,NULL,NULL,13,NULL,NULL,NULL,NULL,NULL,3,NULL,NULL,NULL,NULL,NULL,NULL,NULL,NULL,2,NULL,NULL,NULL,NULL,NULL,NULL,NULL,NULL